Date,Close,High,Low,Open,Volume
2019-05-03,7865.0,7865.0,7865.0,7865.0,91921
2019-05-06,7803.5,7865.0,7668.75,7865.0,91921
2019-05-07,7674.0,7804.0,7581.5,7745.25,159356
2019-05-08,7647.5,7697.75,7600.75,7668.5,174381
2019-05-09,7595.25,7644.25,7481.25,7640.0,181633
2019-05-10,7610.25,7653.5,7435.5,7592.0,165887
2019-05-13,7314.75,7601.0,7304.75,7601.0,150689
2019-05-14,7421.0,7459.5,7286.0,7315.25,88949
2019-05-15,7529.25,7538.5,7353.75,7427.0,104030
2019-05-16,7600.25,7641.25,7473.25,7517.0,123439
2019-05-17,7511.5,7619.75,7506.5,7598.0,177353
2019-05-20,7391.75,7559.5,7361.5,7512.75,204873
2019-05-21,7464.0,7485.25,7400.75,7406.0,149067
2019-05-22,7430.0,7474.75,7391.0,7459.25,120572
2019-05-23,7311.0,7434.5,7268.25,7427.75,233141
2019-05-24,7315.5,7379.5,7296.75,7316.75,137333
2019-05-28,7295.25,7371.5,7280.75,7314.75,171179
2019-05-29,7216.0,7296.0,7183.25,7290.75,208278
2019-05-30,7255.25,7271.25,7208.75,7211.75,149510
2019-05-31,7133.5,7256.0,7129.5,7253.5,201659
2019-06-03,6993.75,7132.5,6940.5,7114.75,269577
2019-06-04,7179.25,7187.25,6981.5,7008.25,204238
2019-06-05,7228.5,7245.25,7150.0,7188.25,195056
2019-06-06,7282.25,7299.5,7180.75,7220.5,153720
2019-06-07,7419.5,7452.5,7258.0,7265.5,168532
2019-06-10,7515.5,7578.25,7431.5,7461.25,160173
2019-06-11,7518.25,7601.0,7492.5,7516.0,145223
2019-06-12,7473.25,7531.0,7461.0,7519.0,109633
2019-06-13,7522.75,7536.0,7421.5,7477.0,114951
2019-06-14,7478.25,7521.0,7451.75,7509.75,59373
2019-06-17,7534.25,7550.75,7480.75,7483.75,17664
2019-06-18,7645.25,7693.0,7515.5,7537.5,20376
2019-06-19,7674.25,7686.25,7600.25,7643.0,9938
2019-06-20,7745.25,7792.75,7665.5,7669.5,8433
2019-06-21,7723.60986328125,7743.0,7702.75,7731.75,187707
2019-06-24,7758.75,7794.0,7716.75,7744.0,101019
2019-06-25,7628.75,7779.75,7609.5,7754.75,184586
2019-06-26,7650.0,7719.0,7616.0,7635.5,158386
2019-06-27,7690.5,7716.75,7642.0,7642.0,121969
2019-06-28,7693.75,7726.0,7664.25,7686.5,128473
2019-07-01,7790.0,7850.25,7750.25,7750.25,170785
2019-07-02,7838.25,7843.25,7762.75,7794.5,135661
2019-07-03,7887.5,7893.0,7824.75,7842.5,88853
2019-07-05,7851.5,7909.25,7797.0,7888.5,176026
2019-07-08,7801.0,7864.25,7777.75,7855.0,126114
2019-07-09,7845.25,7858.75,7743.25,7802.0,176786
2019-07-10,7928.75,7949.5,7811.5,7847.5,240034
2019-07-11,7918.75,7963.25,7894.25,7924.75,242410
2019-07-12,7960.0,7967.75,7912.0,7915.75,167822
2019-07-15,7986.75,7992.0,7941.25,7956.25,156861
2019-07-16,7942.75,8001.5,7924.0,7983.25,190916
2019-07-17,7885.5,7966.5,7868.25,7937.5,189309
2019-07-18,7933.5,7954.75,7833.0,7868.0,260130
2019-07-19,7842.75,7980.5,7815.0,7950.0,271517
2019-07-22,7924.75,7936.25,7825.5,7826.75,220798
2019-07-23,7983.75,7985.75,7908.25,7928.0,234497
2019-07-24,8038.0,8051.75,7925.75,7945.0,200968
2019-07-25,7981.75,8034.25,7917.25,8003.75,293063
2019-07-26,8019.75,8040.5,7987.75,7991.0,185702
2019-07-29,8001.25,8031.75,7951.5,8015.5,141883
2019-07-30,7963.25,8019.75,7928.25,8002.25,180821
2019-07-31,7866.75,8001.75,7782.0,7990.75,309747
2019-08-01,7808.25,8014.5,7777.0,7835.0,427662
2019-08-02,7702.25,7805.5,7650.0,7796.25,335463
2019-08-05,7385.25,7706.0,7359.75,7706.0,380437
2019-08-06,7515.5,7548.75,7225.0,7352.0,394039
2019-08-07,7553.25,7577.25,7387.75,7514.5,441870
2019-08-08,7735.75,7738.5,7526.25,7550.25,306070
2019-08-09,7660.25,7724.0,7596.75,7714.0,336370
2019-08-12,7566.75,7709.75,7534.75,7654.0,290029
2019-08-13,7748.0,7789.25,7513.75,7569.25,314303
2019-08-14,7488.75,7767.5,7477.25,7749.5,448720
2019-08-15,7496.25,7573.25,7388.5,7477.25,474072
2019-08-16,7611.75,7632.25,7502.25,7511.25,281103
2019-08-19,7727.5,7750.25,7613.0,7615.0,171823
2019-08-20,7668.0,7752.5,7655.5,7720.0,201907
2019-08-21,7750.25,7765.75,7651.5,7657.5,146409
2019-08-22,7711.25,7782.25,7653.75,7757.0,214428
2019-08-23,7504.5,7762.0,7448.0,7704.25,357710
2019-08-26,7590.5,7626.0,7311.75,7454.0,237456
2019-08-27,7562.75,7648.75,7536.75,7590.5,252969
2019-08-28,7599.25,7605.75,7503.75,7568.5,219514
2019-08-29,7712.0,7730.25,7548.5,7583.25,178115
2019-08-30,7690.75,7770.25,7646.0,7705.75,186863
2019-09-03,7617.5,7695.75,7581.5,7644.0,288620
2019-09-04,7722.75,7729.75,7608.25,7617.5,183844
2019-09-05,7855.5,7886.5,7717.75,7720.25,194788
2019-09-06,7857.75,7895.5,7838.5,7853.25,151663
2019-09-09,7830.75,7887.25,7798.5,7858.25,138383
2019-09-10,7815.0,7857.75,7744.25,7833.0,193189
2019-09-11,7889.75,7899.75,7786.5,7818.25,152493
2019-09-12,7921.5,7982.0,7886.75,7892.0,183512
2019-09-13,7886.0,7958.25,7881.25,7915.75,43357
2019-09-16,7856.5,7873.25,7776.5,7864.25,24778
2019-09-17,7890.25,7896.5,7828.0,7863.5,16453
2019-09-18,7894.25,7905.75,7789.5,7892.75,13146
2019-09-19,7896.25,7950.75,7831.25,7900.0,7155
2019-09-20,7899.47998046875,7937.5,7890.0,7900.5,171441
2019-09-23,7850.5,7897.0,7807.75,7834.5,150436
2019-09-24,7735.25,7904.25,7701.75,7866.5,249773
2019-09-25,7820.25,7844.25,7663.75,7735.25,229505
2019-09-26,7787.25,7842.5,7735.0,7822.0,212869
2019-09-27,7701.25,7822.0,7640.75,7787.0,259467
2019-09-30,7770.5,7788.75,7705.5,7727.75,205146
2019-10-01,7695.5,7841.5,7691.0,7781.0,271074
2019-10-02,7546.25,7730.5,7525.5,7710.75,340691
2019-10-03,7658.5,7660.0,7474.75,7559.5,321156
2019-10-04,7767.25,7773.75,7616.25,7659.5,230569
2019-10-07,7740.0,7799.75,7698.75,7733.25,202812
2019-10-08,7622.0,7784.5,7613.25,7740.0,256301
2019-10-09,7699.75,7731.75,7605.0,7622.5,185053
2019-10-10,7760.25,7798.25,7583.0,7702.0,210453
2019-10-11,7859.0,7918.25,7767.0,7783.25,234411
2019-10-14,7857.5,7894.5,7807.0,7853.5,146651
2019-10-15,7959.75,7971.75,7858.75,7858.75,164287
2019-10-16,7948.5,7961.25,7907.75,7961.25,169205
2019-10-17,7952.75,7994.75,7922.75,7954.0,164252
2019-10-18,7880.75,7958.25,7835.5,7951.25,191999
2019-10-21,7948.25,7951.25,7865.0,7875.75,158512
2019-10-22,7858.75,7988.5,7837.5,7948.25,192669
2019-10-23,7901.5,7918.0,7810.5,7850.0,202974
2019-10-24,7928.25,7985.0,7912.75,7920.0,190437
2019-10-25,8035.75,8041.5,7918.25,7929.5,186376
2019-10-28,8094.75,8126.75,8048.0,8048.0,147786
2019-10-29,8055.25,8119.0,8050.5,8106.0,175581
2019-10-30,8111.25,8142.0,8020.75,8056.75,189949
2019-10-31,8090.25,8139.0,8046.0,8127.25,241429
2019-11-01,8160.25,8167.75,8084.75,8093.0,166620
2019-11-04,8215.75,8233.75,8164.0,8164.0,170919
2019-11-05,8210.75,8248.25,8193.25,8218.25,172075
2019-11-06,8207.25,8228.0,8161.25,8209.25,161727
2019-11-07,8230.5,8282.25,8190.25,8213.25,152067
2019-11-08,8257.25,8264.25,8190.25,8230.0,144141
2019-11-11,8249.75,8262.0,8206.5,8258.5,96307
2019-11-12,8275.0,8300.0,8228.75,8250.25,151083
2019-11-13,8265.75,8281.75,8220.0,8271.25,172522
2019-11-14,8265.5,8285.25,8216.5,8265.0,162036
2019-11-15,8318.75,8323.75,8261.5,8266.5,140190
2019-11-18,8333.5,8366.0,8279.25,8319.5,171339
2019-11-19,8341.5,8379.75,8312.75,8335.75,166198
2019-11-20,8291.75,8348.0,8230.75,8334.5,236489
2019-11-21,8274.5,8307.75,8239.5,8277.5,210203
2019-11-22,8280.5,8313.25,8233.25,8279.0,159008
2019-11-25,8376.5,8379.75,8287.5,8287.5,108031
2019-11-26,8400.75,8421.0,8366.5,8372.5,129610
2019-11-27,8454.75,8458.75,8397.25,8400.75,116333
2019-11-29,8417.5,8458.0,8406.25,8455.25,124151
2019-12-02,8316.0,8456.75,8276.0,8424.0,256760
2019-12-03,8251.25,8337.25,8168.5,8308.0,300847
2019-12-04,8295.25,8319.5,8220.75,8257.75,201705
2019-12-05,8309.25,8340.0,8273.25,8295.0,197413
2019-12-06,8400.25,8409.25,8307.5,8310.0,130553
2019-12-09,8356.0,8427.25,8346.25,8401.5,129508
2019-12-10,8363.75,8398.25,8297.0,8353.75,196892
2019-12-11,8405.5,8410.75,8345.0,8365.25,132490
2019-12-12,8465.25,8497.0,8381.0,8406.0,236552
2019-12-13,8494.0,8523.0,8436.0,8480.0,60846
2019-12-16,8576.0,8588.25,8503.0,8507.25,13476
2019-12-17,8576.25,8598.5,8563.0,8576.25,9078
2019-12-18,8590.25,8611.5,8565.25,8566.0,5705
2019-12-19,8642.5,8652.75,8580.25,8596.75,4711
2019-12-20,8707.4599609375,8742.75,8616.25,8650.0,123794
2019-12-23,8726.5,8743.5,8705.0,8710.25,77526
2019-12-24,8729.5,8736.0,8707.5,8728.0,35284
2019-12-26,8804.25,8805.75,8726.0,8730.0,55201
2019-12-27,8783.25,8843.25,8769.75,8800.0,131074
2019-12-30,8733.75,8809.75,8691.0,8780.5,169106
2019-12-31,8752.25,8772.0,8692.25,8732.0,114101
2020-01-02,8891.75,8901.5,8769.25,8773.0,170427
2020-01-03,8810.0,8907.75,8735.25,8898.0,315021
2020-01-06,8847.5,8872.5,8723.0,8784.5,222836
2020-01-07,8853.0,8894.5,8825.0,8851.75,225651
2020-01-08,8944.5,8972.5,8678.25,8843.0,418958
2020-01-09,9009.0,9022.25,8932.5,8948.5,241968
2020-01-10,8978.25,9055.25,8966.5,9008.5,234117
2020-01-13,9088.25,9096.5,8978.75,8978.75,171086
2020-01-14,9062.5,9114.75,9035.0,9088.5,269889
2020-01-15,9060.0,9096.0,9023.0,9062.5,219772
2020-01-16,9133.5,9140.25,9060.5,9060.5,174720
2020-01-17,9174.5,9189.25,9130.0,9136.5,173151
2020-01-21,9169.75,9199.75,9114.5,9173.75,231339
2020-01-22,9195.75,9254.0,9174.5,9179.0,194469
2020-01-23,9248.25,9253.75,9151.75,9189.25,240100
2020-01-24,9144.5,9287.5,9109.75,9251.0,328265
2020-01-27,8954.5,9098.25,8926.0,9098.25,397684
2020-01-28,9105.25,9136.0,8952.5,8954.0,308357
2020-01-29,9098.5,9158.75,9072.25,9120.75,304702
2020-01-30,9216.25,9240.0,9003.75,9110.5,395487
2020-01-31,8997.75,9249.0,8965.0,9226.5,572538
2020-02-03,9114.25,9155.75,8975.0,8983.75,299110
2020-02-04,9355.0,9369.0,9073.25,9100.25,275081
2020-02-05,9381.5,9464.25,9318.25,9355.5,329456
2020-02-06,9455.5,9463.5,9363.0,9392.0,256235
2020-02-07,9409.5,9477.0,9385.0,9464.5,277711
2020-02-10,9527.5,9531.75,9330.75,9401.25,267050
2020-02-11,9527.25,9609.5,9501.5,9523.0,259695
2020-02-12,9625.75,9628.0,9524.25,9536.0,213060
2020-02-13,9613.0,9644.75,9511.25,9621.25,293357
2020-02-14,9632.25,9659.25,9588.25,9625.25,228903
2020-02-18,9636.0,9687.25,9534.0,9632.0,309382
2020-02-19,9733.5,9748.75,9640.5,9642.5,191918
2020-02-20,9624.25,9763.0,9516.25,9740.0,483963
2020-02-21,9458.0,9623.5,9411.5,9618.25,460827
2020-02-24,9091.0,9365.75,9041.0,9365.75,719389
2020-02-25,8854.25,9224.5,8810.0,9092.75,887827
2020-02-26,8850.25,9037.75,8709.25,8867.5,919640
2020-02-27,8382.75,8878.25,8334.0,8817.5,1136729
2020-02-28,8454.0,8575.0,8124.25,8353.75,1564102
2020-03-02,8791.25,8883.0,8248.5,8376.25,1051883
2020-03-03,8582.5,9003.0,8510.75,8830.25,1080653
2020-03-04,8896.5,8950.0,8507.25,8559.0,703433
2020-03-05,8648.75,8899.75,8610.75,8889.75,721573
2020-03-06,8503.25,8726.0,8312.0,8675.5,857805
2020-03-09,7951.5,8418.25,7801.0,8418.25,579631
2020-03-10,8331.5,8380.0,7815.5,7894.5,1008309
2020-03-11,8003.5,8334.5,7892.75,8324.25,881797
2020-03-12,7215.25,8108.25,7131.75,7999.0,1087706
2020-03-13,7915.75,7980.0,6942.5,7167.75,263618
2020-03-16,7057.5,7902.25,6926.75,7900.5,117171
2020-03-17,7405.25,7550.25,6946.25,7059.75,126129
2020-03-18,7225.25,7394.5,6828.75,7368.0,85420
2020-03-19,7293.5,7522.5,6896.25,7249.5,77830
2020-03-20,7417.97998046875,7649.0,7150.25,7197.5,949629
2020-03-23,6984.5,7319.25,6628.75,6852.75,918254
2020-03-24,7554.75,7572.75,7005.25,7005.25,737637
2020-03-25,7467.75,7762.25,7372.5,7550.75,914507
2020-03-26,7844.0,7893.5,7310.0,7486.0,817178
2020-03-27,7568.5,7900.25,7551.0,7875.5,714587
2020-03-30,7854.75,7884.75,7391.25,7446.25,638604
2020-03-31,7786.25,7995.0,7747.25,7855.25,638489
2020-04-01,7438.75,7778.75,7403.75,7771.75,628469
2020-04-02,7627.25,7656.5,7375.5,7473.0,752413
2020-04-03,7522.75,7660.5,7423.5,7624.5,514780
2020-04-06,8029.75,8099.0,7531.0,7531.0,519762
2020-04-07,8012.0,8303.75,7947.75,8034.25,728192
2020-04-08,8189.75,8242.0,7953.0,8012.75,611343
2020-04-09,8227.5,8327.0,8102.0,8193.75,640194
2020-04-13,8327.25,8337.75,8075.0,8276.0,442775
2020-04-14,8692.5,8708.5,8319.0,8335.75,452894
2020-04-15,8594.0,8706.0,8486.5,8705.75,496023
2020-04-16,8734.25,8842.75,8500.5,8577.75,591051
2020-04-17,8809.0,8967.75,8689.0,8879.75,578506
2020-04-20,8692.0,8846.0,8686.25,8800.75,512401
2020-04-21,8431.75,8763.0,8342.0,8698.25,756967
2020-04-22,8638.0,8699.25,8399.5,8444.75,511968
2020-04-23,8598.75,8787.0,8582.25,8634.25,502851
2020-04-24,8769.0,8804.0,8498.0,8587.0,455864
2020-04-27,8824.25,8898.0,8728.75,8766.75,432329
2020-04-28,8719.75,8946.0,8654.25,8818.5,568433
2020-04-29,9036.5,9119.25,8733.5,8757.75,550987
2020-04-30,8988.5,9144.75,8856.0,9109.75,638640
2020-05-01,8718.0,8878.5,8671.75,8847.25,521789
2020-05-04,8795.5,8827.5,8556.75,8654.25,531885
2020-05-05,8924.25,9019.75,8796.75,8805.5,515262
2020-05-06,8952.0,9056.5,8877.75,8930.0,561342
2020-05-07,9107.75,9126.0,8930.0,8949.75,503951
2020-05-08,9218.25,9238.0,9102.75,9115.0,453878
2020-05-11,9279.0,9338.75,9118.75,9199.0,575017
2020-05-12,9078.25,9345.75,9040.25,9281.25,680169
2020-05-13,8992.25,9202.5,8878.25,9047.75,954303
2020-05-14,9079.5,9105.0,8846.5,9011.5,852451
2020-05-15,9096.5,9148.75,8925.25,9085.75,805229
2020-05-18,9325.5,9361.5,9110.0,9121.5,557059
2020-05-19,9300.75,9417.25,9283.0,9317.0,642706
2020-05-20,9485.5,9497.75,9273.25,9291.0,533057
2020-05-21,9355.75,9510.5,9352.25,9496.25,641920
2020-05-22,9406.25,9422.75,9241.25,9361.0,602885
2020-05-26,9406.5,9604.0,9373.0,9404.5,742940
2020-05-27,9432.5,9508.0,9173.25,9409.75,765863
2020-05-28,9460.25,9565.5,9320.5,9437.0,783024
2020-05-29,9560.25,9590.5,9372.0,9454.75,885086
2020-06-01,9595.0,9606.0,9450.0,9541.0,547341
2020-06-02,9647.75,9669.75,9505.0,9589.0,564461
2020-06-03,9684.75,9728.25,9635.25,9657.0,502427
2020-06-04,9626.25,9742.5,9572.5,9684.0,580279
2020-06-05,9808.5,9846.75,9602.0,9642.25,554626
2020-06-08,9884.75,9901.0,9746.75,9819.0,436570
2020-06-09,9951.0,10007.5,9811.5,9887.25,539628
2020-06-10,10087.25,10155.5,9957.5,9960.0,626919
2020-06-11,9616.75,10107.0,9584.5,10086.25,1077900
2020-06-12,9645.0,9849.0,9495.0,9618.0,562175
2020-06-15,9800.5,9817.0,9381.0,9540.25,291800
2020-06-16,9972.5,10015.5,9797.0,9816.25,119947
2020-06-17,9994.5,10061.25,9926.0,9962.75,51095
2020-06-18,9995.75,10042.5,9879.0,9998.5,26221
2020-06-19,10120.83984375,10130.0,9995.25,9995.75,523577
2020-06-22,10124.75,10134.5,9841.25,9884.5,408045
2020-06-23,10196.0,10296.0,9972.5,10120.5,510909
2020-06-24,10010.75,10241.75,9927.25,10183.5,686824
2020-06-25,10088.25,10107.25,9885.5,10005.75,666554
2020-06-26,9865.5,10120.5,9824.0,10088.0,666019
2020-06-29,9973.75,9997.25,9729.0,9796.5,584700
2020-06-30,10147.25,10171.5,9940.0,9984.0,494716
2020-07-01,10268.75,10309.0,10075.75,10141.0,452933
2020-07-02,10355.75,10422.5,10247.75,10256.25,421788
2020-07-06,10598.5,10614.25,10334.0,10334.0,610373
2020-07-07,10532.25,10694.5,10506.0,10599.0,562333
2020-07-08,10662.25,10673.25,10505.25,10527.75,567004
2020-07-09,10727.5,10774.25,10560.25,10674.0,661262
2020-07-10,10837.25,10847.25,10625.5,10727.5,607021
2020-07-13,10600.0,11058.25,10562.0,10847.5,822836
2020-07-14,10646.25,10693.0,10358.75,10601.25,1155362
2020-07-15,10683.25,10766.5,10551.5,10686.5,845839
2020-07-16,10511.75,10698.5,10475.5,10692.75,787591
2020-07-17,10622.5,10669.0,10523.5,10534.0,560081
2020-07-20,10951.0,10964.0,10545.5,10622.0,564419
2020-07-21,10851.0,11057.75,10784.75,10952.25,721648
2020-07-22,10804.25,10916.25,10761.75,10850.5,650917
2020-07-23,10548.25,10938.5,10514.5,10849.75,827513
2020-07-24,10459.0,10597.75,10301.25,10566.25,894230
2020-07-27,10675.25,10684.25,10400.5,10488.25,663644
2020-07-28,10540.0,10758.5,10513.75,10683.0,716565
2020-07-29,10674.25,10699.75,10512.0,10557.75,547350
2020-07-30,10794.0,10896.5,10502.75,10699.5,820359
2020-07-31,10890.5,10939.25,10691.0,10905.0,900180
2020-08-03,11044.25,11073.0,10876.25,10928.75,530798
2020-08-04,11086.0,11094.75,10982.75,11052.5,657879
2020-08-05,11091.75,11143.5,11055.75,11079.25,466620
2020-08-06,11261.25,11271.5,11051.5,11093.5,623322
2020-08-07,11122.75,11283.25,11035.25,11260.25,756398
2020-08-10,11072.0,11159.25,10928.5,11140.0,615293
2020-08-11,10878.5,11157.5,10845.25,11072.5,727011
2020-08-12,11126.0,11184.5,10878.25,10923.25,632682
2020-08-13,11175.25,11265.75,11094.25,11115.75,607227
2020-08-14,11133.75,11237.25,11096.0,11181.0,567136
2020-08-17,11286.75,11300.5,11145.0,11145.25,375239
2020-08-18,11409.25,11415.0,11268.5,11285.25,491423
2020-08-19,11332.0,11444.75,11298.75,11413.5,597398
2020-08-20,11477.25,11496.5,11221.5,11327.5,529487
2020-08-21,11562.0,11573.5,11407.0,11479.0,513368
2020-08-24,11636.25,11722.5,11528.25,11580.0,667533
2020-08-25,11726.25,11744.25,11574.75,11634.75,564195
2020-08-26,11991.25,12002.0,11726.5,11739.25,636184
2020-08-27,11952.75,12046.25,11834.5,11983.75,894371
2020-08-28,11991.75,12018.0,11920.25,11951.75,650847
2020-08-31,12114.0,12165.0,11988.25,12003.0,668466
2020-09-01,12312.5,12330.0,12093.0,12109.0,684199
2020-09-02,12411.5,12466.0,12172.25,12326.75,1182885
2020-09-03,11800.5,12438.5,11658.25,12408.25,1864033
2020-09-04,11548.75,11843.25,11141.25,11748.75,1646516
2020-09-08,11060.5,11585.5,11041.5,11531.5,1730999
2020-09-09,11392.75,11478.75,10935.0,11014.25,998417
2020-09-10,11178.25,11567.0,11087.75,11374.75,1132804
2020-09-11,11061.5,11356.75,10937.5,11187.25,685406
2020-09-14,11280.5,11362.25,11094.75,11094.75,288165
2020-09-15,11464.25,11495.25,11247.25,11279.0,176835
2020-09-16,11268.75,11550.0,11237.25,11461.0,144606
2020-09-17,11090.0,11302.5,10918.0,11269.25,141231
2020-09-18,11144.8095703125,11179.5,11036.5,11062.25,1058853
2020-09-21,10989.0,11010.0,10656.75,10927.0,1228173
2020-09-22,11149.5,11192.25,10897.25,10972.75,908037
2020-09-23,10829.0,11222.5,10786.0,11160.25,1005442
2020-09-24,10891.75,11011.75,10657.75,10803.25,1190282
2020-09-25,11136.5,11169.0,10813.75,10910.75,886317
2020-09-28,11394.75,11404.5,11136.0,11140.0,687584
2020-09-29,11337.75,11449.0,11289.75,11388.5,641939
2020-09-30,11407.25,11525.25,11167.5,11321.25,922780
2020-10-01,11574.75,11598.75,11372.25,11372.25,739364
2020-10-02,11233.25,11604.75,11205.0,11567.75,1158401
2020-10-05,11469.25,11496.75,11268.0,11285.25,635347
2020-10-06,11273.75,11524.25,11197.5,11475.0,1003949
2020-10-07,11470.0,11507.5,11208.5,11217.25,672177
2020-10-08,11539.0,11578.25,11470.0,11474.5,588811
2020-10-09,11724.75,11740.0,11553.0,11561.0,495693
2020-10-12,12098.25,12197.0,11691.75,11728.75,915877
2020-10-13,12094.0,12249.0,12018.0,12098.75,1029928
2020-10-14,11974.25,12177.75,11901.75,12080.0,930587
2020-10-15,11874.0,11983.75,11737.0,11951.0,917362
2020-10-16,11798.0,12021.75,11792.25,11891.25,754824
2020-10-19,11650.25,11950.75,11592.0,11815.75,906804
2020-10-20,11660.75,11792.0,11598.75,11697.75,907890
2020-10-21,11691.25,11779.25,11581.25,11673.0,929366
2020-10-22,11649.75,11723.75,11511.0,11686.25,911764
2020-10-23,11663.5,11691.5,11550.5,11666.75,729889
2020-10-26,11492.25,11695.75,11343.25,11650.25,944202
2020-10-27,11588.0,11623.0,11478.0,11497.5,794205
2020-10-28,11132.75,11566.5,11124.0,11560.75,1055403
2020-10-29,11342.75,11457.75,11145.0,11181.75,941469
2020-10-30,11046.25,11281.25,10944.25,11218.5,1374709
2020-11-02,11063.25,11212.0,10942.25,11039.0,1112623
2020-11-03,11265.75,11347.25,11065.0,11075.25,914456
2020-11-04,11763.0,11845.25,11230.0,11256.5,1346293
2020-11-05,12076.5,12118.5,11771.25,11817.75,1087585
2020-11-06,12075.0,12109.0,11869.5,12087.75,1277042
2020-11-09,11820.5,12408.0,11812.75,12134.75,1592797
2020-11-10,11618.25,11901.25,11503.0,11863.25,1852259
2020-11-11,11886.0,11919.5,11575.0,11634.75,1115308
2020-11-12,11820.0,11975.0,11775.75,11899.75,1082972
2020-11-13,11933.5,11952.75,11801.75,11861.25,881222
2020-11-16,12005.0,12065.25,11853.25,11953.5,892223
2020-11-17,11975.0,12093.0,11954.25,12060.25,868762
2020-11-18,11897.0,12027.75,11862.5,11973.0,915590
2020-11-19,11987.25,12000.0,11804.5,11876.75,841570
2020-11-20,11905.75,12021.5,11873.25,11960.25,727445
2020-11-23,11905.25,12001.75,11808.25,11907.75,774828
2020-11-24,12076.0,12105.25,11872.5,11915.0,679842
2020-11-25,12152.25,12177.75,12078.5,12099.0,646303
2020-11-27,12257.5,12307.75,12126.5,12168.25,521924
2020-11-30,12277.0,12336.75,12085.75,12286.25,930759
2020-12-01,12452.25,12512.5,12312.0,12327.5,952086
2020-12-02,12454.25,12475.0,12313.75,12458.25,855549
2020-12-03,12462.25,12540.25,12443.5,12471.75,717437
2020-12-04,12526.0,12535.5,12448.5,12488.0,595128
2020-12-07,12596.0,12612.25,12475.0,12523.75,642497
2020-12-08,12637.5,12652.25,12502.5,12572.25,716926
2020-12-09,12367.0,12674.75,12306.5,12657.5,1247179
2020-12-10,12402.0,12449.0,12218.0,12344.0,1056100
2020-12-11,12368.0,12414.5,12234.25,12393.75,396055
2020-12-14,12456.5,12549.25,12386.5,12392.75,238636
2020-12-15,12591.75,12605.25,12417.0,12463.0,190391
2020-12-16,12665.25,12700.0,12567.0,12598.5,112793
2020-12-17,12751.0,12766.5,12667.5,12676.75,55549
2020-12-18,12800.0595703125,12820.0,12710.0,12749.75,750643
2020-12-21,12683.5,12783.5,12461.0,12756.0,1061715
2020-12-22,12710.0,12760.0,12593.75,12697.5,849302
2020-12-23,12651.25,12739.0,12621.5,12706.0,596954
2020-12-24,12704.5,12724.0,12631.5,12660.0,288135
2020-12-28,12832.75,12855.75,12651.75,12677.0,525846
2020-12-29,12841.0,12918.25,12807.75,12843.0,674644
2020-12-30,12841.5,12909.75,12820.5,12860.0,488570
2020-12-31,12885.5,12895.5,12796.25,12840.0,376007
2021-01-04,12685.5,12960.0,12522.0,12888.25,916861
2021-01-05,12793.5,12808.5,12611.75,12684.5,790422
2021-01-06,12616.75,12844.5,12491.25,12801.25,1326413
2021-01-07,12928.0,12958.75,12646.25,12659.25,786257
2021-01-08,13097.25,13125.25,12919.25,12927.0,954785
2021-01-11,12897.0,13105.5,12872.0,13098.75,826314
2021-01-12,12890.25,12959.0,12767.0,12915.0,688554
2021-01-13,12972.25,13003.0,12820.5,12885.75,587442
2021-01-14,12901.0,13028.75,12880.75,12975.25,625300
2021-01-15,12802.25,12930.75,12743.25,12908.0,775481
2021-01-19,12985.5,13031.75,12727.0,12774.0,858308
2021-01-20,13294.25,13327.25,13018.0,13029.75,635635
2021-01-21,13395.5,13423.75,13283.0,13290.25,672678
2021-01-22,13361.5,13400.5,13300.0,13394.75,636521
2021-01-25,13475.5,13555.0,13189.0,13366.0,1112348
2021-01-26,13485.5,13599.75,13380.75,13460.25,863645
2021-01-27,13105.5,13586.75,12882.5,13553.0,1285859
2021-01-28,13186.0,13394.0,12906.25,13053.75,1211130
2021-01-29,12911.25,13187.25,12830.0,13159.25,1713363
2021-02-01,13236.5,13271.75,12726.75,12850.0,1046257
2021-02-02,13449.0,13509.0,13230.0,13232.75,793264
2021-02-03,13394.25,13584.25,13387.0,13503.75,836674
2021-02-04,13547.5,13572.0,13345.75,13427.5,637416
2021-02-05,13598.0,13638.5,13519.25,13563.0,605123
2021-02-08,13683.0,13692.5,13596.0,13620.75,624302
2021-02-09,13680.25,13735.25,13634.0,13685.0,588737
2021-02-10,13643.5,13769.25,13517.25,13698.75,971540
2021-02-11,13729.0,13744.0,13613.5,13667.25,812009
2021-02-12,13804.75,13822.5,13646.0,13710.25,569427
2021-02-16,13767.75,13900.75,13715.75,13829.0,876085
2021-02-17,13699.75,13785.5,13543.0,13757.75,862384
2021-02-18,13633.0,13724.75,13468.75,13699.0,936629
2021-02-19,13576.0,13729.0,13534.25,13638.5,905237
2021-02-22,13224.25,13629.0,13215.0,13584.5,1137912
2021-02-23,13192.0,13335.75,12757.5,13226.5,1586603
2021-02-24,13302.0,13333.0,12958.0,13171.5,1284595
2021-02-25,12831.75,13354.25,12764.0,13308.25,1893015
2021-02-26,12911.0,13089.75,12663.25,12800.5,1877394
2021-03-01,13279.75,13318.0,12946.75,12955.75,1025183
2021-03-02,13055.25,13328.0,13048.0,13311.75,1084739
2021-03-03,12681.75,13191.0,12662.5,13061.0,1456894
2021-03-04,12455.0,12797.0,12306.25,12682.75,2099066
2021-03-05,12663.75,12697.75,12207.5,12437.0,1789102
2021-03-08,12297.25,12761.25,12283.75,12714.0,1748168
2021-03-09,12788.75,12867.25,12325.5,12346.5,1204245
2021-03-10,12749.25,12993.0,12704.25,12811.5,1462237
2021-03-11,13048.25,13119.5,12724.25,12794.5,1135178
2021-03-12,12933.5,13095.0,12767.75,13051.75,645640
2021-03-15,13078.5,13099.0,12872.75,12939.0,310513
2021-03-16,13151.5,13296.75,13056.75,13082.25,246289
2021-03-17,13201.5,13283.0,12946.25,13168.0,215186
2021-03-18,12795.5,13279.75,12774.5,13198.5,141970
2021-03-19,12808.759765625,12917.5,12730.5,12813.5,1330097
2021-03-22,13071.75,13157.0,12789.5,12820.75,945854
2021-03-23,13006.25,13172.0,12978.75,13068.75,1208348
2021-03-24,12794.0,13145.0,12784.25,13050.0,1188827
2021-03-25,12770.5,12859.5,12609.75,12804.0,1512250
2021-03-26,12966.75,12988.5,12675.75,12799.25,1235458
2021-03-29,12944.5,13002.75,12807.0,12967.0,1361774
2021-03-30,12878.25,12984.0,12776.75,12974.75,1104139
2021-03-31,13089.75,13158.25,12858.5,12891.75,831363
2021-04-01,13316.0,13333.0,13090.0,13093.75,809150
2021-04-05,13585.5,13614.75,13304.25,13344.0,672584
2021-04-06,13570.0,13654.25,13524.5,13603.0,881355
2021-04-07,13604.75,13641.25,13513.0,13580.0,794033
2021-04-08,13747.75,13789.75,13614.75,13621.75,775241
2021-04-09,13829.5,13841.0,13648.5,13787.0,829301
2021-04-12,13808.75,13832.0,13731.75,13817.25,776272
2021-04-13,13975.75,13993.75,13772.5,13825.5,784551
2021-04-14,13798.75,14029.0,13772.75,13977.0,1048086
2021-04-15,14014.0,14034.25,13789.5,13827.5,790571
2021-04-16,14029.5,14059.0,13953.0,13999.75,782661
2021-04-19,13897.25,14052.5,13821.0,13989.25,1167074
2021-04-20,13794.25,13933.75,13719.0,13899.5,1186060
2021-04-21,13919.25,13926.75,13700.25,13742.25,883268
2021-04-22,13750.25,13944.0,13701.75,13895.25,1190044
2021-04-23,13927.0,13981.25,13738.0,13757.25,787363
2021-04-26,14011.5,14038.0,13865.75,13915.0,681564
2021-04-27,13953.0,14050.0,13912.75,14023.25,711031
2021-04-28,13892.25,13993.5,13878.0,13954.0,816524
2021-04-29,13953.5,14064.0,13818.25,13970.75,1073190
2021-04-30,13850.0,13957.0,13819.5,13948.0,944652
2021-05-03,13790.0,13947.5,13771.5,13879.25,777228
2021-05-04,13536.0,13792.5,13380.75,13786.25,1202754
2021-05-05,13491.0,13665.5,13462.5,13526.75,936762
2021-05-06,13597.75,13611.75,13389.0,13486.0,1211699
2021-05-07,13709.75,13818.0,13588.25,13605.75,1006542
2021-05-10,13356.75,13751.75,13302.25,13718.25,1080875
2021-05-11,13346.0,13375.75,13065.5,13316.0,1828176
2021-05-12,12998.5,13352.0,12959.75,13321.5,1716552
2021-05-13,13100.25,13225.0,12914.75,12968.5,1607005
2021-05-14,13387.0,13426.0,13071.0,13095.5,1041555
2021-05-17,13303.5,13452.5,13182.5,13380.5,1064637
2021-05-18,13212.0,13433.0,13178.0,13310.0,856489
2021-05-19,13233.5,13242.75,12954.25,13182.25,1410586
2021-05-20,13486.5,13524.0,13151.25,13221.0,926125
2021-05-21,13405.0,13569.75,13395.5,13493.25,882592
2021-05-24,13635.25,13686.25,13356.25,13390.0,576722
2021-05-25,13656.25,13738.5,13606.5,13654.5,712998
2021-05-26,13700.25,13728.25,13656.0,13671.0,608634
2021-05-27,13665.5,13720.75,13620.25,13703.75,716347
2021-05-28,13686.5,13763.25,13662.5,13694.5,575230
2021-06-01,13648.75,13773.0,13592.75,13698.75,788715
2021-06-02,13673.75,13712.5,13603.0,13653.0,576913
2021-06-03,13529.25,13707.0,13462.25,13678.5,896698
2021-06-04,13766.75,13784.0,13467.75,13530.0,645248
2021-06-07,13804.25,13825.25,13691.5,13772.25,593134
2021-06-08,13811.5,13916.75,13742.0,13823.5,746795
2021-06-09,13814.25,13904.0,13803.5,13813.0,598846
2021-06-10,13959.75,13976.5,13726.5,13815.75,702931
2021-06-11,13994.25,13998.5,13931.75,13974.5,258315
2021-06-14,14124.75,14133.5,13965.0,13996.5,157769
2021-06-15,14030.25,14163.0,14009.25,14121.25,127209
2021-06-16,13981.25,14104.0,13834.0,14047.75,109183
2021-06-17,14165.5,14213.0,13850.5,13948.5,87366
2021-06-18,14107.4296875,14213.25,14064.75,14171.25,841121
2021-06-21,14130.0,14144.0,13958.75,14022.25,788483
2021-06-22,14258.25,14279.25,14066.25,14137.0,621790
2021-06-23,14263.0,14316.75,14231.75,14273.5,587636
2021-06-24,14354.25,14422.0,14263.0,14274.25,605975
2021-06-25,14339.0,14394.25,14313.25,14364.75,594197
2021-06-28,14512.5,14519.5,14333.25,14347.75,471785
2021-06-29,14563.0,14585.0,14468.75,14506.75,542004
2021-06-30,14549.0,14599.0,14518.0,14584.0,550880
2021-07-01,14548.5,14606.5,14470.75,14558.0,598057
2021-07-02,14713.75,14728.75,14513.5,14542.25,543434
2021-07-06,14775.5,14789.75,14625.25,14702.25,838525
2021-07-07,14802.25,14883.75,14726.25,14758.5,844793
2021-07-08,14712.25,14821.75,14540.0,14811.75,1001374
2021-07-09,14810.5,14832.0,14640.5,14712.75,694222
2021-07-12,14869.25,14888.75,14785.25,14823.75,563544
2021-07-13,14865.0,14994.5,14794.25,14880.0,824554
2021-07-14,14891.75,14996.0,14841.0,14868.0,817428
2021-07-15,14787.5,14962.5,14708.25,14896.25,1017598
2021-07-16,14670.5,14869.5,14657.25,14778.0,893209
2021-07-19,14540.75,14683.25,14444.25,14675.75,1324573
2021-07-20,14722.75,14782.25,14516.75,14593.5,869753
2021-07-21,14827.75,14841.75,14666.75,14729.5,778237
2021-07-22,14928.5,14982.75,14823.25,14838.0,859820
2021-07-23,15098.0,15117.5,14934.25,14978.25,806795
2021-07-26,15117.75,15134.25,15038.75,15098.0,685147
2021-07-27,14947.75,15131.5,14774.5,15125.0,1000863
2021-07-28,15011.5,15074.75,14866.5,14876.25,1012173
2021-07-29,15037.75,15084.0,14904.25,14984.25,718643
2021-07-30,14955.75,14979.75,14811.5,14910.0,820333
2021-08-02,14952.75,15056.0,14932.5,14972.25,743820
2021-08-03,15046.25,15050.0,14848.75,14963.75,886336
2021-08-04,15073.5,15108.0,14996.75,15039.0,739921
2021-08-05,15167.75,15172.25,15069.5,15081.0,554624
2021-08-06,15095.5,15170.0,15047.5,15168.0,697234
2021-08-09,15125.25,15146.0,15003.5,15091.25,632672
2021-08-10,15044.5,15157.25,14994.75,15127.75,754586
2021-08-11,15019.5,15119.0,14963.0,15045.25,828334
2021-08-12,15078.5,15090.5,14941.0,15007.75,640693
2021-08-13,15125.75,15141.5,15055.25,15077.0,463515
2021-08-16,15134.0,15139.0,14917.0,15120.0,766071
2021-08-17,14997.5,15134.75,14897.0,15133.75,958229
2021-08-18,14849.25,15037.0,14806.5,14971.0,894716
2021-08-19,14928.0,14999.0,14711.0,14840.75,1144987
2021-08-20,15086.75,15100.0,14851.75,14943.0,720762
2021-08-23,15304.5,15338.0,15087.5,15092.25,661257
2021-08-24,15355.5,15384.0,15309.25,15327.5,540655
2021-08-25,15364.25,15397.0,15333.0,15361.25,579467
2021-08-26,15274.75,15368.5,15255.5,15367.0,781142
2021-08-27,15426.5,15443.75,15265.5,15286.5,674243
2021-08-30,15597.5,15617.75,15420.0,15431.75,559226
2021-08-31,15582.5,15677.25,15514.0,15603.75,733753
2021-09-01,15609.25,15698.0,15577.75,15601.25,633192
2021-09-02,15601.0,15682.25,15551.25,15609.0,682127
2021-09-03,15651.5,15677.5,15552.0,15599.25,653134
2021-09-07,15674.75,15708.75,15607.0,15653.75,772239
2021-09-08,15620.0,15691.0,15523.5,15671.0,862172
2021-09-09,15558.75,15676.5,15545.75,15610.0,803545
2021-09-10,15441.5,15667.5,15433.5,15561.25,440573
2021-09-13,15436.75,15565.0,15350.5,15449.75,322877
2021-09-14,15387.0,15530.75,15352.25,15452.75,226677
2021-09-15,15504.0,15522.0,15314.5,15395.5,158739
2021-09-16,15517.75,15542.0,15368.75,15510.5,124993
2021-09-17,15486.669921875,15541.5,15474.0,15505.5,860262
2021-09-20,15009.5,15338.0,14807.5,15285.0,1204698
2021-09-21,15024.0,15163.5,14963.75,14991.25,1001962
2021-09-22,15163.5,15227.0,14929.25,14992.25,884473
2021-09-23,15303.5,15346.75,15174.5,15177.75,678473
2021-09-24,15318.75,15334.0,15176.75,15298.75,660547
2021-09-27,15194.75,15399.5,15084.0,15318.75,793477
2021-09-28,14764.75,15192.25,14740.75,15172.5,1284649
2021-09-29,14739.75,14926.25,14711.0,14770.0,1269891
2021-09-30,14682.5,14884.0,14670.0,14762.0,1245570
2021-10-01,14761.75,14818.0,14537.0,14700.5,1375183
2021-10-04,14462.25,14835.75,14367.75,14781.0,1603467
2021-10-05,14655.25,14754.5,14410.0,14488.5,1003155
2021-10-06,14759.0,14770.0,14422.25,14661.75,1417740
2021-10-07,14881.25,15001.25,14765.0,14767.0,888336
2021-10-08,14808.25,14998.0,14791.0,14894.0,1069815
2021-10-11,14700.5,14896.75,14676.75,14810.0,927255
2021-10-12,14653.25,14783.25,14585.5,14688.25,1146991
2021-10-13,14764.25,14796.0,14590.25,14595.0,1066112
2021-10-14,15037.25,15071.5,14766.75,14770.0,721150
2021-10-15,15134.5,15145.0,15020.75,15064.5,666222
2021-10-18,15290.5,15300.0,15038.5,15146.25,681748
2021-10-19,15398.5,15428.5,15269.5,15290.25,678659
2021-10-20,15377.5,15446.75,15319.25,15410.5,686660
2021-10-21,15478.75,15483.75,15300.75,15358.25,659392
2021-10-22,15341.0,15463.75,15273.75,15385.5,952185
2021-10-25,15495.75,15545.75,15296.5,15325.5,660502
2021-10-26,15545.0,15701.0,15502.75,15543.5,913242
2021-10-27,15587.25,15717.25,15507.25,15523.25,836528
2021-10-28,15764.75,15777.75,15591.25,15596.0,771200
2021-10-29,15838.5,15869.0,15595.0,15677.0,830699
2021-11-01,15894.25,15914.75,15768.75,15875.0,684100
2021-11-02,15961.25,15980.25,15849.5,15891.25,773284
2021-11-03,16129.75,16146.0,15935.0,15958.5,808740
2021-11-04,16330.75,16378.5,16128.0,16130.0,932803
2021-11-05,16351.75,16448.5,16292.25,16335.5,1054835
2021-11-08,16327.75,16394.25,16265.0,16300.0,906232
2021-11-09,16212.75,16391.75,16160.0,16313.25,1213171
2021-11-10,15980.5,16243.0,15897.75,16202.25,1337125
2021-11-11,16022.75,16113.5,15976.0,15990.25,831362
2021-11-12,16192.75,16213.5,16001.75,16042.0,791656
2021-11-15,16187.75,16276.5,16082.75,16211.0,897251
2021-11-16,16300.75,16323.75,16142.5,16199.0,754890
2021-11-17,16311.5,16398.75,16269.75,16296.75,773029
2021-11-18,16481.25,16509.0,16303.75,16322.0,879355
2021-11-19,16575.0,16628.5,16490.0,16505.5,837901
2021-11-22,16382.0,16767.5,16364.75,16599.75,1074467
2021-11-23,16312.0,16418.75,16118.5,16399.75,1481693
2021-11-24,16366.0,16368.5,16102.0,16299.0,1087244
2021-11-26,16051.0,16435.75,15988.0,16361.0,1340409
2021-11-29,16390.75,16437.75,16037.0,16046.25,1132287
2021-11-30,16150.5,16456.5,16068.25,16418.75,1681807
2021-12-01,15869.75,16427.75,15826.5,16235.75,1468158
2021-12-02,15988.5,16066.5,15763.25,15890.5,1742231
2021-12-03,15717.75,16121.75,15538.0,16019.0,1502956
2021-12-06,15842.75,15897.0,15559.25,15703.75,1346723
2021-12-07,16318.0,16375.0,15825.0,15849.0,906098
2021-12-08,16392.25,16436.0,16251.5,16363.75,864094
2021-12-09,16148.75,16420.0,16120.25,16380.75,974796
2021-12-10,16329.75,16336.0,16127.5,16159.0,494613
2021-12-13,16082.0,16411.75,16064.0,16321.0,366672
2021-12-14,15924.75,16133.5,15738.75,16092.5,364646
2021-12-15,16288.0,16302.75,15744.5,15932.0,235546
2021-12-16,15870.5,16459.25,15800.25,16288.0,259704
2021-12-17,15717.3203125,15902.0,15668.5,15877.5,1524382
2021-12-20,15621.25,15851.75,15491.75,15810.0,1218074
2021-12-21,15980.0,15987.0,15605.25,15679.25,1003755
2021-12-22,16169.75,16183.25,15882.25,15980.25,830985
2021-12-23,16299.0,16355.75,16145.25,16181.5,589897
2021-12-27,16560.0,16580.75,16304.25,16304.25,559712
2021-12-28,16488.0,16658.5,16453.25,16569.25,784195
2021-12-29,16490.5,16564.0,16387.75,16518.25,652084
2021-12-30,16430.25,16567.5,16411.25,16487.5,560321
2021-12-31,16320.75,16464.0,16313.25,16430.25,551157
2022-01-03,16485.5,16507.75,16291.5,16355.0,871437
2022-01-04,16275.75,16564.0,16139.75,16496.5,969575
2022-01-05,15766.5,16270.0,15751.75,16265.75,1296059
2022-01-06,15759.0,15895.75,15598.5,15761.5,1484261
2022-01-07,15581.0,15853.25,15510.25,15800.75,1382039
2022-01-10,15608.0,15668.75,15152.5,15589.5,1884102
2022-01-11,15831.0,15840.0,15474.5,15616.75,1469915
2022-01-12,15887.25,16009.5,15762.5,15826.75,1460685
2022-01-13,15490.25,15979.25,15458.25,15901.5,1511351
2022-01-14,15595.75,15620.0,15312.25,15506.0,1657140
2022-01-18,15206.0,15653.75,15170.75,15616.75,1990559
2022-01-19,15033.5,15372.25,15011.0,15240.0,1902559
2022-01-20,14841.0,15340.5,14646.75,15042.0,1599087
2022-01-21,14426.5,14858.5,14408.25,14737.0,2368604
2022-01-24,14501.0,14579.75,13706.25,14409.75,3031466
2022-01-25,14140.75,14499.25,13890.0,14494.25,2482422
2022-01-26,14158.5,14642.25,13943.75,13945.0,2287939
2022-01-27,13986.75,14409.75,13845.25,14178.25,2134053
2022-01-28,14433.0,14442.5,13830.75,14142.0,2111995
2022-01-31,14905.0,14914.5,14353.5,14450.0,1476659
2022-02-01,14994.75,15138.0,14729.25,14865.75,1509628
2022-02-02,15114.5,15261.5,14825.25,15128.5,1472633
2022-02-03,14492.25,14870.0,14456.5,14857.0,1553167
2022-02-04,14685.5,14825.75,14363.25,14776.75,1791334
2022-02-07,14559.75,14806.5,14511.25,14674.5,1389444
2022-02-08,14734.5,14775.75,14467.75,14603.0,1274054
2022-02-09,15038.25,15068.0,14740.0,14744.75,1030974
2022-02-10,14701.0,15061.5,14622.0,15058.75,1812572
2022-02-11,14240.5,14766.75,14181.0,14700.0,1873037
2022-02-14,14253.0,14394.0,14030.75,14250.25,1798430
2022-02-15,14609.5,14615.0,14223.25,14250.25,1315850
2022-02-16,14600.0,14668.5,14381.0,14594.0,1242059
2022-02-17,14164.75,14619.75,14133.5,14593.25,1382785
2022-02-18,13996.0,14299.0,13906.0,14156.0,1725909
2022-02-22,13862.75,14157.0,13592.25,13953.25,2757278
2022-02-23,13507.5,14069.0,13471.25,13925.5,1810490
2022-02-24,13966.5,13983.5,13025.75,13484.75,3078445
2022-02-25,14180.5,14198.0,13759.25,13911.0,1863502
2022-02-28,14228.0,14292.5,13691.0,14005.0,1957726
2022-03-01,14005.5,14327.5,13900.0,14218.0,1745316
2022-03-02,14239.25,14293.25,13912.0,14026.5,1451574
2022-03-03,14030.5,14391.25,13955.0,14195.25,1229518
2022-03-04,13839.75,14086.0,13733.5,14065.25,1549904
2022-03-07,13320.75,13879.75,13265.0,13778.5,1595359
2022-03-08,13267.0,13666.25,13105.25,13282.5,2215437
2022-03-09,13734.75,13822.5,13192.0,13194.25,1383839
2022-03-10,13586.0,13780.0,13396.25,13774.25,1389845
2022-03-11,13292.0,13861.5,13282.0,13575.25,711671
2022-03-14,13045.5,13446.5,13013.0,13330.75,523866
2022-03-15,13451.75,13489.0,12943.0,13082.0,445441
2022-03-16,13953.0,14031.75,13391.75,13443.5,360787
2022-03-17,14111.75,14136.0,13822.25,14000.0,223431
2022-03-18,14095.3095703125,14095.3095703125,13971.0,14052.75,1050588
2022-03-21,14370.5,14466.75,14183.75,14404.5,1190981
2022-03-22,14654.0,14692.0,14292.5,14389.0,1071514
2022-03-23,14447.0,14682.75,14441.5,14652.75,1190069
2022-03-24,14763.75,14770.0,14433.25,14463.5,1090348
2022-03-25,14755.75,14841.25,14572.5,14763.0,1143416
2022-03-28,14985.25,14996.5,14658.75,14755.25,1060897
2022-03-29,15237.75,15269.0,14956.25,14982.25,1117358
2022-03-30,15071.5,15262.5,15012.0,15220.0,1006324
2022-03-31,14868.75,15181.0,14855.5,15100.0,1053354
2022-04-01,14863.75,14959.25,14725.5,14921.5,1054828
2022-04-04,15164.25,15174.0,14802.0,14847.5,767180
2022-04-05,14828.0,15199.25,14780.0,15160.0,1000862
2022-04-06,14505.25,14864.0,14395.5,14860.75,1454298
2022-04-07,14536.0,14634.0,14318.25,14492.0,1297426
2022-04-08,14327.0,14642.5,14310.5,14534.5,1156905
2022-04-11,14000.0,14379.75,13984.5,14334.0,1105421
2022-04-12,13945.0,14284.0,13880.0,14004.5,1369593
2022-04-13,14221.5,14266.75,13921.5,13954.0,1082174
2022-04-14,13893.75,14296.0,13876.0,14210.5,1043012
2022-04-18,13907.75,14002.25,13729.25,13894.0,1053774
2022-04-19,14217.25,14240.75,13828.0,13960.75,1086225
2022-04-20,14004.75,14298.0,13958.25,14099.0,1233171
2022-04-21,13728.25,14283.0,13667.25,14070.25,1370973
2022-04-22,13353.5,13779.0,13295.75,13719.0,1565096
2022-04-25,13535.75,13550.0,13183.75,13323.5,1845141
2022-04-26,13016.0,13584.5,12803.0,13528.0,1582094
2022-04-27,13009.0,13255.0,12860.0,12861.75,1937454
2022-04-28,13454.75,13542.25,13033.5,13188.0,1676647
2022-04-29,12852.0,13433.5,12831.75,13250.0,1622144
2022-05-02,13073.0,13084.5,12709.5,12892.5,1850584
2022-05-03,13087.5,13184.0,12968.0,13055.5,1451239
2022-05-04,13531.25,13555.25,12882.0,13120.25,1397525
2022-05-05,12858.0,13547.75,12704.0,13496.75,1852147
2022-05-06,12695.75,12929.25,12519.25,12890.0,2004808
2022-05-09,12193.75,12636.75,12131.5,12606.5,1804845
2022-05-10,12349.0,12547.25,12101.75,12205.0,2231616
2022-05-11,11969.75,12553.75,11938.5,12330.5,2069862
2022-05-12,11947.25,12132.75,11689.25,12003.25,2112357
2022-05-13,12382.75,12432.0,11890.0,11890.25,1446233
2022-05-16,12244.75,12499.0,12189.75,12410.0,1681669
2022-05-17,12560.25,12578.75,12230.0,12238.0,1495970
2022-05-18,11935.5,12593.5,11863.25,12574.25,1648600
2022-05-19,11878.25,12077.0,11704.25,11904.25,2079957
2022-05-20,11840.75,12096.5,11491.25,11899.25,1855848
2022-05-23,12035.25,12075.5,11783.75,11858.5,1738796
2022-05-24,11771.0,11936.0,11576.25,11934.0,1816566
2022-05-25,11942.25,12033.25,11671.0,11810.5,1744754
2022-05-26,12279.25,12343.5,11848.5,11882.25,1323682
2022-05-27,12677.75,12723.75,12222.0,12251.75,1175989
2022-05-31,12646.5,12882.5,12480.0,12705.5,2010540
2022-06-01,12551.0,12823.25,12454.75,12646.5,1479482
2022-06-02,12893.75,12903.75,12442.25,12549.25,1198080
2022-06-03,12551.0,12945.0,12503.0,12894.5,1336763
2022-06-06,12605.0,12810.5,12527.0,12548.0,1110459
2022-06-07,12711.5,12740.5,12412.0,12604.75,1089787
2022-06-08,12615.75,12783.5,12579.0,12683.75,1211026
2022-06-09,12275.0,12726.0,12255.5,12617.75,1426720
2022-06-10,11840.0,12339.5,11822.75,12298.25,1002808
2022-06-13,11296.5,11803.75,11254.5,11803.75,999074
2022-06-14,11314.25,11505.25,11204.75,11333.5,776935
2022-06-15,11593.75,11759.25,11325.5,11334.0,452807
2022-06-16,11124.75,11737.75,11037.0,11605.75,436241
2022-06-17,11130.3896484375,11288.75,11124.0,11173.0,1607784
2022-06-21,11577.25,11678.5,11274.0,11331.25,1578311
2022-06-22,11565.75,11746.5,11320.5,11579.0,1473135
2022-06-23,11737.5,11767.25,11460.5,11543.5,1532281
2022-06-24,12140.5,12149.0,11684.25,11690.0,1201185
2022-06-27,12040.5,12262.75,11994.25,12140.0,1523795
2022-06-28,11674.25,12174.25,11661.5,12075.0,1556924
2022-06-29,11691.0,11749.0,11564.0,11680.75,1445356
2022-06-30,11529.5,11697.0,11350.75,11695.0,1674013
2022-07-01,11611.25,11629.75,11381.75,11511.0,1526524
2022-07-05,11808.5,11817.0,11388.75,11613.0,1994819
2022-07-06,11880.25,11974.0,11728.25,11813.75,1692968
2022-07-07,12138.5,12168.75,11837.25,11903.5,1114091
2022-07-08,12152.0,12211.0,11952.75,12115.75,1346427
2022-07-11,11884.25,12155.0,11853.0,12148.75,1209453
2022-07-12,11779.0,12025.5,11712.0,11900.0,1363711
2022-07-13,11762.25,11998.0,11478.0,11779.5,1660301
2022-07-14,11797.5,11834.75,11511.0,11730.5,1395399
2022-07-15,12007.5,12021.75,11741.0,11808.0,1240021
2022-07-18,11907.0,12186.75,11857.75,12040.75,1130484
2022-07-19,12274.0,12328.75,11889.5,11911.5,1131634
2022-07-20,12465.25,12517.5,12236.0,12333.25,1275622
2022-07-21,12640.0,12655.5,12373.5,12431.25,1295236
2022-07-22,12423.5,12697.0,12344.5,12560.0,1286035
2022-07-25,12354.5,12498.75,12266.5,12440.0,1142603
2022-07-26,12112.5,12334.0,12070.0,12318.5,1076778
2022-07-27,12619.0,12690.0,12190.25,12192.75,1302374
2022-07-28,12737.5,12948.0,12449.25,12582.75,1382658
2022-07-29,12971.5,13012.5,12744.25,12923.75,1265494
2022-08-01,12962.5,13108.5,12851.25,12980.0,1300240
2022-08-02,12924.5,13097.0,12816.25,12975.25,1441063
2022-08-03,13271.5,13310.5,12867.25,12921.5,1211240
2022-08-04,13327.0,13356.0,13184.5,13248.0,1246593
2022-08-05,13228.75,13385.0,13085.5,13322.0,1353890
2022-08-08,13183.25,13419.5,13120.5,13226.0,1377657
2022-08-09,13031.5,13233.5,12963.25,13210.75,1210607
2022-08-10,13392.0,13408.0,12981.75,13048.5,1171305
2022-08-11,13311.25,13575.75,13284.75,13380.25,1302125
2022-08-12,13577.75,13583.0,13312.25,13347.5,1005828
2022-08-15,13681.25,13705.75,13495.75,13572.0,905232
2022-08-16,13658.25,13740.5,13522.75,13673.5,1042281
2022-08-17,13493.25,13673.25,13406.25,13663.0,1233602
2022-08-18,13523.25,13575.5,13411.25,13502.5,1088505
2022-08-19,13268.5,13535.0,13227.0,13534.75,1066297
2022-08-22,12909.75,13229.0,12875.5,13227.5,1124261
2022-08-23,12896.5,13019.0,12823.5,12935.5,1233531
2022-08-24,12929.75,13012.0,12825.75,12890.5,1005492
2022-08-25,13156.0,13161.5,12925.0,12945.25,1153812
2022-08-26,12620.5,13220.0,12555.25,13155.5,1388520
2022-08-29,12492.75,12610.0,12401.5,12484.25,1519231
2022-08-30,12358.75,12659.0,12247.5,12502.0,1780281
2022-08-31,12285.25,12513.0,12276.25,12360.5,1435639
2022-09-01,12292.25,12300.0,12018.25,12290.0,1578434
2022-09-02,12104.25,12462.0,12040.5,12300.0,1594950
2022-09-06,12019.0,12244.75,11930.0,12111.5,1937449
2022-09-07,12263.25,12306.25,11922.25,12019.25,1333511
2022-09-08,12321.75,12379.5,12117.0,12262.75,1484712
2022-09-09,12592.5,12614.25,12329.25,12346.25,699465
2022-09-12,12740.75,12774.0,12573.25,12614.75,616332
2022-09-13,12036.5,12889.0,12002.75,12771.75,571848
2022-09-14,12142.0,12174.0,12001.0,12045.0,402665
2022-09-15,11934.75,12187.75,11866.5,12160.0,208567
2022-09-16,11814.580078125,11885.0,11740.0,11880.0,1443532
2022-09-19,12024.0,12066.5,11792.25,11920.5,1233530
2022-09-20,11922.25,12092.5,11828.5,12043.75,1334120
2022-09-21,11710.0,12139.0,11647.0,11948.0,1558233
2022-09-22,11565.5,11795.75,11510.0,11663.75,1588742
2022-09-23,11376.75,11600.0,11228.75,11580.0,1524511
2022-09-26,11316.25,11537.75,11256.5,11362.5,1768686
2022-09-27,11333.75,11568.0,11233.5,11316.0,1656254
2022-09-28,11555.75,11612.5,11141.75,11357.5,1665831
2022-09-29,11228.25,11566.25,11091.5,11540.0,1515724
2022-09-30,11035.5,11357.0,11024.5,11224.75,1629802
2022-10-03,11285.75,11357.75,10890.5,11028.75,1456881
2022-10-04,11640.75,11676.25,11282.75,11315.0,1412590
2022-10-05,11623.75,11711.0,11368.0,11632.0,1397613
2022-10-06,11541.75,11730.0,11505.5,11628.75,1579103
2022-10-07,11101.5,11577.0,11043.25,11498.25,1462387
2022-10-10,10984.5,11136.5,10876.75,11066.75,1411118
2022-10-11,10845.0,11039.75,10767.25,10989.0,1707261
2022-10-12,10840.5,10976.75,10805.75,10876.5,1480012
2022-10-13,11083.75,11142.25,10484.5,10855.0,2055351
2022-10-14,10744.0,11253.75,10726.75,11070.0,1790065
2022-10-17,11110.25,11149.0,10705.0,10720.5,1323283
2022-10-18,11198.75,11431.75,11081.5,11161.75,1736014
2022-10-19,11153.25,11382.5,11050.25,11323.75,1520065
2022-10-20,11090.75,11329.0,11008.0,11141.75,1466865
2022-10-21,11358.5,11386.25,10937.0,11062.75,1638860
2022-10-24,11478.75,11530.75,11207.75,11393.75,1415346
2022-10-25,11713.5,11732.75,11430.5,11459.75,1219402
2022-10-26,11446.0,11703.5,11413.5,11520.0,1518876
2022-10-27,11235.25,11537.75,10924.5,11423.0,1602442
2022-10-28,11587.0,11627.0,11062.0,11124.5,1338252
2022-10-31,11447.25,11600.0,11367.0,11593.5,1114645
2022-11-01,11332.0,11619.0,11288.75,11451.75,1299271
2022-11-02,10944.5,11459.75,10908.25,11319.0,1309285
2022-11-03,10728.0,10995.75,10708.0,10944.75,1412676
2022-11-04,10890.25,10974.25,10636.0,10724.5,1860620
2022-11-07,11014.25,11038.5,10775.75,10829.25,1244725
2022-11-08,11094.25,11231.5,10928.25,11014.5,1323757
2022-11-09,10830.75,11164.75,10822.0,11079.0,1377872
2022-11-10,11632.25,11677.0,10809.0,10841.75,1432721
2022-11-11,11848.0,11876.75,11569.5,11670.0,1496274
2022-11-14,11734.75,11898.5,11702.0,11796.0,1151123
2022-11-15,11904.25,12118.5,11761.5,11769.0,1652360
2022-11-16,11739.5,11962.25,11706.0,11889.0,1289654
2022-11-17,11710.5,11828.25,11528.0,11773.75,1290893
2022-11-18,11708.0,11844.0,11606.5,11746.5,1234910
2022-11-21,11588.0,11755.25,11553.25,11720.0,978909
2022-11-22,11754.5,11759.25,11525.5,11587.75,910314
2022-11-23,11862.75,11892.75,11720.25,11741.0,912095
2022-11-25,11782.75,11932.75,11766.25,11878.0,536492
2022-11-28,11616.25,11788.25,11574.75,11735.25,908381
2022-11-29,11524.75,11704.25,11465.0,11625.5,1024726
2022-11-30,12042.25,12077.75,11497.75,11519.25,1338839
2022-12-01,12062.75,12144.75,11943.75,12074.75,1249676
2022-12-02,12010.25,12068.0,11740.25,12039.0,1094953
2022-12-05,11805.75,12015.0,11745.25,12000.0,938136
2022-12-06,11566.0,11846.0,11502.0,11813.0,1130245
2022-12-07,11509.5,11596.0,11423.25,11568.5,1197842
2022-12-08,11645.5,11685.5,11434.25,11500.0,955939
2022-12-09,11569.75,11748.0,11516.5,11638.75,905825
2022-12-12,11711.75,11717.25,11523.0,11555.0,447210
2022-12-13,11839.75,12228.25,11675.5,11699.0,593596
2022-12-14,11750.75,11948.5,11611.5,11831.5,312661
2022-12-15,11347.25,11779.25,11298.25,11765.25,220689
2022-12-16,11327.0400390625,11381.5,11205.5,11333.0,1108183
2022-12-19,11193.25,11411.0,11131.5,11327.0,925805
2022-12-20,11175.75,11247.25,11042.75,11182.25,1131393
2022-12-21,11334.5,11389.75,11181.0,11201.5,961542
2022-12-22,11054.25,11384.25,10870.5,11359.75,1040361
2022-12-23,11075.25,11143.25,10915.75,11053.5,1027774
2022-12-27,10915.5,11184.0,10895.75,11101.75,847658
2022-12-28,10772.75,10996.5,10758.25,10918.0,927100
2022-12-29,11032.75,11071.5,10777.5,10786.75,769734
2022-12-30,11022.25,11051.75,10855.5,11032.75,870635
2023-01-03,10945.5,11181.75,10844.25,11117.0,1079765
2023-01-04,10999.25,11068.0,10863.25,10941.75,1214791
2023-01-05,10820.25,11046.25,10804.75,10983.75,1114944
2023-01-06,11113.5,11166.0,10751.0,10837.75,1283376
2023-01-09,11185.5,11385.5,11120.25,11128.75,1080273
2023-01-10,11282.0,11289.25,11094.25,11181.25,1175089
2023-01-11,11476.5,11479.5,11239.5,11281.75,967889
2023-01-12,11534.25,11580.0,11288.5,11471.75,1514447
2023-01-13,11608.0,11619.25,11389.5,11529.75,1036574
2023-01-17,11624.5,11685.0,11510.25,11612.5,1202686
2023-01-18,11475.75,11759.5,11467.75,11622.0,1282025
2023-01-19,11356.5,11486.75,11308.5,11470.0,1188800
2023-01-20,11677.0,11686.0,11365.25,11405.5,1039642
2023-01-23,11934.0,11983.0,11650.25,11677.75,1081571
2023-01-24,11909.5,12010.0,11835.75,11933.0,984207
2023-01-25,11873.25,11976.5,11604.5,11973.0,1256734
2023-01-26,12106.75,12113.25,11867.25,11875.0,1148274
2023-01-27,12222.25,12308.0,12016.0,12050.25,1149579
2023-01-30,11968.0,12252.0,11960.0,12213.25,1161133
2023-01-31,12152.0,12156.0,11871.25,11984.25,1067678
2023-02-01,12414.25,12525.0,12055.0,12121.25,1081997
2023-02-02,12846.75,12950.0,12501.25,12514.0,1400476
2023-02-03,12624.0,12877.75,12550.5,12739.5,1501923
2023-02-06,12515.5,12608.75,12456.5,12578.25,1087789
2023-02-07,12776.75,12818.75,12459.25,12517.0,1281583
2023-02-08,12545.25,12809.0,12512.5,12746.0,1056940
2023-02-09,12425.5,12729.5,12366.0,12557.25,1183273
2023-02-10,12346.25,12451.5,12243.0,12445.75,1161148
2023-02-13,12540.5,12567.75,12265.0,12353.25,901532
2023-02-14,12631.0,12685.75,12390.5,12547.75,1517022
2023-02-15,12730.0,12756.75,12524.25,12618.75,1058771
2023-02-16,12482.5,12792.5,12455.25,12743.75,1198917
2023-02-17,12390.0,12464.0,12265.5,12461.0,1120246
2023-02-21,12096.75,12418.0,12091.5,12383.0,1052640
2023-02-22,12097.5,12190.75,12034.25,12111.25,1075725
2023-02-23,12207.5,12261.0,12028.0,12175.5,1012344
2023-02-24,11997.0,12214.25,11922.75,12191.25,1027180
2023-02-27,12083.25,12189.5,11987.75,12002.25,849862
2023-02-28,12072.25,12173.75,12025.75,12092.0,914267
2023-03-01,11961.75,12142.0,11925.0,12042.75,968760
2023-03-02,12062.0,12096.25,11831.5,11968.5,976826
2023-03-03,12311.25,12329.75,12012.25,12050.75,877371
2023-03-06,12323.5,12485.75,12276.0,12307.75,900558
2023-03-07,12169.0,12381.75,12142.25,12322.5,1077645
2023-03-08,12228.25,12254.5,12108.5,12174.75,1024321
2023-03-09,12007.25,12353.75,11977.0,12223.0,1204893
2023-03-10,11840.25,12112.0,11796.5,12008.75,1664090
2023-03-13,11931.75,12095.75,11677.0,11888.0,857903
2023-03-14,12207.0,12223.0,11903.0,11956.25,362006
2023-03-15,12247.75,12280.0,11971.5,12203.25,302259
2023-03-16,12583.0,12600.0,12189.0,12265.5,154357
2023-03-17,12594.650390625,12636.0,12500.0,12580.75,1277399
2023-03-20,12688.5,12750.0,12525.5,12689.25,1165935
2023-03-21,12867.25,12897.5,12676.25,12698.75,878604
2023-03-22,12707.0,13081.75,12677.5,12873.5,1119564
2023-03-23,12854.0,13031.5,12695.0,12698.25,1367957
2023-03-24,12890.25,12925.25,12726.0,12872.0,1275463
2023-03-27,12788.5,12976.25,12765.75,12916.0,974514
2023-03-28,12732.5,12833.5,12634.75,12812.0,821787
2023-03-29,12965.0,12993.0,12742.0,12747.0,823177
2023-03-30,13082.0,13112.0,12931.25,12965.0,853717
2023-03-31,13301.75,13311.5,13056.5,13080.0,817919
2023-04-03,13270.0,13278.75,13154.25,13262.5,818610
2023-04-04,13219.0,13348.75,13168.75,13261.75,906773
2023-04-05,13079.75,13247.25,13006.0,13232.0,846841
2023-04-06,13170.75,13191.25,12952.5,13075.25,86869
2023-04-10,13158.0,13206.25,12967.5,13178.0,766868
2023-04-11,13074.75,13209.25,13051.75,13168.75,830152
2023-04-12,12952.25,13241.0,12938.0,13076.0,1147937
2023-04-13,13209.75,13228.5,12925.25,12955.0,847188
2023-04-14,13181.25,13255.0,13056.0,13181.0,1018374
2023-04-17,13186.5,13218.0,13077.0,13210.0,881577
2023-04-18,13193.0,13298.5,13138.25,13185.75,915110
2023-04-19,13183.0,13227.0,13065.0,13174.0,824835
2023-04-20,13074.25,13199.75,13022.0,13166.0,971192
2023-04-21,13090.5,13121.75,12982.75,13090.0,898611
2023-04-24,13056.5,13134.0,12967.25,13071.25,834869
2023-04-25,12809.5,13059.75,12801.0,13050.25,992431
2023-04-26,12887.75,13012.5,12863.0,12929.75,1076220
2023-04-27,13231.25,13331.5,12936.0,12962.0,966685
2023-04-28,13320.25,13336.75,13168.75,13220.0,965388
2023-05-01,13306.75,13367.25,13258.75,13316.25,810359
2023-05-02,13184.5,13334.5,13111.0,13288.5,932745
2023-05-03,13100.75,13310.0,13079.75,13163.25,1018257
2023-05-04,13043.75,13172.0,13001.75,13067.75,1014116
2023-05-05,13317.75,13358.75,13055.75,13059.0,780711
2023-05-08,13352.25,13368.0,13254.5,13315.5,673681
2023-05-09,13264.75,13347.25,13249.25,13336.0,664563
2023-05-10,13409.5,13448.0,13202.0,13261.5,1150356
2023-05-11,13446.5,13472.0,13361.5,13408.5,946253
2023-05-12,13396.25,13494.75,13310.0,13444.0,853854
2023-05-15,13468.0,13479.0,13350.0,13379.25,719512
2023-05-16,13483.25,13554.25,13426.25,13466.75,785954
2023-05-17,13643.5,13669.25,13474.0,13500.5,801492
2023-05-18,13894.0,13913.75,13628.25,13641.5,974758
2023-05-19,13858.0,13960.5,13814.25,13908.25,913863
2023-05-22,13902.5,13946.75,13794.25,13813.75,778815
2023-05-23,13728.75,13977.25,13711.0,13911.5,879671
2023-05-24,13650.25,13845.25,13566.75,13732.0,966440
2023-05-25,13976.5,14031.5,13803.0,13871.25,1144408
2023-05-26,14332.5,14372.5,13924.75,13981.75,979505
2023-05-30,14396.75,14570.0,14336.25,14418.25,1222423
2023-05-31,14300.5,14430.0,14252.5,14398.0,1032191
2023-06-01,14472.25,14528.25,14248.0,14290.0,947341
2023-06-02,14575.25,14627.75,14470.0,14494.5,960375
2023-06-05,14588.75,14695.25,14512.75,14582.75,955175
2023-06-06,14586.5,14624.0,14505.0,14582.0,825671
2023-06-07,14331.5,14675.5,14305.5,14593.5,1110723
2023-06-08,14503.0,14527.0,14257.0,14318.75,961594
2023-06-09,14556.25,14688.0,14460.25,14518.75,987711
2023-06-12,14800.5,14826.75,14553.75,14561.5,346323
2023-06-13,14914.25,14968.25,14779.5,14825.0,320709
2023-06-14,15012.75,15059.5,14793.0,14928.0,201554
2023-06-15,15188.0,15252.0,14883.0,15041.0,152424
2023-06-16,15316.6103515625,15326.0,15130.25,15193.75,1000125
2023-06-20,15256.5,15321.75,15126.25,15302.5,1052906
2023-06-21,15044.0,15273.0,15002.5,15247.0,945397
2023-06-22,15214.75,15238.0,14964.0,15042.0,994988
2023-06-23,15058.25,15236.5,14984.75,15236.0,998278
2023-06-26,14856.5,15152.25,14853.5,15058.25,1039539
2023-06-27,15111.5,15139.75,14862.5,14874.75,961486
2023-06-28,15130.0,15218.75,15021.25,15087.0,1099390
2023-06-29,15100.25,15202.75,15028.5,15160.5,988008
2023-06-30,15337.0,15376.5,15098.75,15107.0,782655
2023-07-03,15364.75,15392.0,15307.5,15331.5,429677
2023-07-05,15360.75,15431.75,15255.25,15356.5,868758
2023-07-06,15238.0,15365.75,15112.0,15355.0,954281
2023-07-07,15181.75,15359.75,15172.0,15214.0,1042065
2023-07-10,15187.0,15219.75,15063.5,15195.75,1025927
2023-07-11,15260.0,15279.75,15109.0,15192.75,930817
2023-07-12,15444.75,15507.75,15253.25,15260.0,1077628
2023-07-13,15711.5,15741.25,15455.75,15459.75,873031
2023-07-14,15694.25,15857.5,15658.0,15699.5,992104
2023-07-17,15840.75,15886.75,15661.0,15690.25,797555
2023-07-18,15974.75,16030.0,15733.5,15827.0,957136
2023-07-19,15959.25,16062.5,15911.0,15952.0,1093845
2023-07-20,15592.25,15925.75,15547.5,15925.75,1206792
2023-07-21,15540.0,15719.5,15522.25,15594.0,1151784
2023-07-24,15561.25,15618.25,15484.5,15555.75,912619
2023-07-25,15673.0,15736.0,15549.0,15569.25,826753
2023-07-26,15610.75,15739.5,15515.0,15725.25,1110099
2023-07-27,15571.0,15904.0,15512.5,15639.25,1350572
2023-07-28,15847.5,15895.75,15546.5,15584.0,1156299
2023-07-31,15857.5,15916.5,15791.25,15849.5,912108
2023-08-01,15817.25,15889.0,15728.0,15867.5,891307
2023-08-02,15473.0,15790.0,15413.25,15769.5,1263570
2023-08-03,15438.75,15552.25,15339.25,15452.5,1206265
2023-08-04,15354.0,15610.25,15336.5,15444.0,1403814
2023-08-07,15485.5,15495.25,15334.5,15369.75,1063835
2023-08-08,15354.25,15498.0,15216.25,15490.75,1058237
2023-08-09,15178.25,15432.75,15145.0,15351.5,1120131
2023-08-10,15201.25,15441.75,15136.0,15202.25,1460558
2023-08-11,15095.75,15266.75,15037.25,15218.75,1132060
2023-08-14,15270.25,15282.25,15020.0,15105.0,1044116
2023-08-15,15106.5,15335.0,15076.0,15281.75,1172726
2023-08-16,14942.25,15165.5,14921.75,15113.0,1130557
2023-08-17,14778.0,15018.0,14738.75,14942.5,1188060
2023-08-18,14744.0,14802.75,14609.25,14750.0,1318274
2023-08-21,14985.75,15013.75,14720.5,14763.25,1103987
2023-08-22,14958.5,15118.5,14931.0,14972.0,1141176
2023-08-23,15195.5,15355.75,14955.25,14964.0,1023851
2023-08-24,14862.0,15417.75,14816.75,15341.25,1514736
2023-08-25,14979.25,15049.0,14752.75,14838.0,1589191
2023-08-28,15092.5,15126.75,14973.25,14991.75,1170233
2023-08-29,15415.75,15430.0,15050.0,15096.0,1019044
2023-08-30,15501.25,15524.5,15361.25,15424.25,1117435
2023-08-31,15538.5,15606.75,15458.5,15512.5,1116087
2023-09-01,15516.25,15661.25,15453.5,15534.75,1064967
2023-09-05,15534.5,15587.0,15418.5,15517.75,1165851
2023-09-06,15399.5,15532.75,15310.5,15512.5,1022363
2023-09-07,15282.25,15395.5,15157.5,15388.75,1159920
2023-09-08,15297.5,15390.5,15222.75,15287.0,1029955
2023-09-11,15475.75,15498.0,15297.75,15308.0,458735
2023-09-12,15304.75,15480.75,15289.5,15464.0,290478
2023-09-13,15356.25,15424.25,15212.5,15308.0,240973
2023-09-14,15478.0,15517.75,15336.75,15373.25,144086
2023-09-15,15435.2001953125,15524.0,15400.0,15476.0,1185757
2023-09-18,15414.5,15460.75,15330.5,15383.75,980761
2023-09-19,15375.25,15442.5,15248.5,15424.5,1051906
2023-09-20,15152.0,15436.5,15127.75,15378.75,1177026
2023-09-21,14862.75,15148.0,14838.5,15133.0,1261759
2023-09-22,14869.5,15027.25,14835.75,14850.0,1134088
2023-09-25,14935.25,14956.0,14782.5,14879.0,1171444
2023-09-26,14715.0,14952.5,14666.25,14952.5,1255260
2023-09-27,14739.0,14821.25,14587.25,14726.5,1373653
2023-09-28,14859.75,14948.0,14656.25,14771.0,1429002
2023-09-29,14866.5,15060.75,14811.0,14877.0,1471532
2023-10-02,14984.75,15046.25,14824.75,14962.25,1554218
2023-10-03,14714.5,15031.0,14651.5,14992.0,1498571
2023-10-04,14923.75,14955.75,14589.25,14715.0,1524342
2023-10-05,14861.75,14958.75,14716.0,14904.25,1359928
2023-10-06,15112.0,15160.5,14660.25,14856.0,1579512
2023-10-09,15187.0,15212.75,14949.25,15076.0,1125602
2023-10-10,15270.75,15383.5,15173.0,15199.0,1161981
2023-10-11,15380.0,15417.5,15253.0,15278.75,1166562
2023-10-12,15315.0,15469.5,15216.25,15408.25,1323805
2023-10-13,15120.25,15367.0,15062.0,15326.0,1499806
2023-10-16,15289.5,15338.0,15083.0,15119.75,1210425
2023-10-17,15240.75,15309.25,15050.0,15304.75,1308204
2023-10-18,15025.25,15243.0,14979.0,15243.0,1565886
2023-10-19,14890.0,15138.0,14839.25,15048.0,1984316
2023-10-20,14664.0,14887.75,14645.0,14850.25,1473441
2023-10-23,14712.0,14854.25,14514.25,14678.75,1379601
2023-10-24,14846.5,14950.0,14705.75,14746.0,1352289
2023-10-25,14478.25,14854.5,14440.0,14831.5,1407896
2023-10-26,14194.0,14459.25,14136.5,14430.75,1797107
2023-10-27,14265.25,14407.5,14209.5,14244.0,1468765
2023-10-30,14416.5,14476.25,14302.25,14329.0,1193512
2023-10-31,14490.25,14503.5,14311.25,14412.0,1248926
2023-11-01,14744.5,14762.0,14411.0,14458.0,1287302
2023-11-02,14998.0,15015.75,14759.75,14760.0,1049634
2023-11-03,15178.75,15228.5,14924.25,14931.25,1085949
2023-11-06,15232.5,15257.5,15138.0,15187.0,857920
2023-11-07,15374.25,15412.75,15175.75,15216.75,988596
2023-11-08,15386.5,15417.75,15286.5,15372.0,940237
2023-11-09,15256.0,15453.25,15236.75,15360.0,1243724
2023-11-10,15596.25,15616.25,15207.0,15254.75,1090380
2023-11-13,15547.0,15601.0,15465.25,15585.75,874797
2023-11-14,15879.75,15918.75,15551.75,15559.5,1016422
2023-11-15,15889.25,16049.0,15832.0,15894.25,1081674
2023-11-16,15897.5,15907.25,15797.75,15844.0,1063757
2023-11-17,15895.75,15940.0,15824.5,15898.25,871649
2023-11-20,16086.5,16116.75,15837.5,15891.25,861071
2023-11-21,15990.25,16122.5,15912.0,16089.75,868972
2023-11-22,16049.25,16173.25,15942.5,15970.0,1065880
2023-11-23,16062.25,16086.75,16034.0,16039.75,1065880
2023-11-24,16021.0,16086.75,15981.75,16039.75,545122
2023-11-27,16008.75,16089.0,15938.75,16008.5,911010
2023-11-28,16048.0,16071.5,15945.0,16004.0,1038032
2023-11-29,16023.75,16207.75,16013.5,16054.75,1042430
2023-11-30,15985.5,16098.0,15855.75,16041.5,1141900
2023-12-01,16023.75,16050.0,15864.5,15955.0,1124267
2023-12-04,15869.0,16027.0,15721.25,16021.75,1087819
2023-12-05,15908.75,15961.75,15761.25,15860.75,1152664
2023-12-06,15815.25,16039.0,15802.0,15898.75,1152632
2023-12-07,16038.75,16065.75,15791.25,15816.25,1057636
2023-12-08,16098.25,16119.0,15890.0,16018.5,1043068
2023-12-11,16237.0,16249.75,16044.5,16092.0,498570
2023-12-12,16362.75,16388.5,16185.0,16238.25,319633
2023-12-13,16563.75,16594.5,16365.25,16380.5,219616
2023-12-14,16541.5,16674.5,16418.5,16563.25,154454
2023-12-15,16530.23046875,16609.25,16519.25,16525.0,927037
2023-12-18,16939.75,16974.25,16802.25,16820.25,733161
2023-12-19,17023.0,17029.5,16911.0,16920.0,769731
2023-12-20,16766.25,17073.5,16757.25,17023.0,1063402
2023-12-21,16956.5,16971.25,16790.0,16793.75,1122605
2023-12-22,16980.0,17041.25,16891.5,16954.5,848841
2023-12-26,17083.5,17111.5,16963.5,16963.5,515923
2023-12-27,17113.25,17132.25,17055.5,17085.0,683261
2023-12-28,17090.5,17165.5,17078.0,17129.0,616483
2023-12-29,17023.5,17130.5,16937.75,17089.75,826279
2024-01-02,16720.0,17038.5,16622.0,17018.75,1068977
2024-01-03,16538.0,16740.0,16522.25,16740.0,1154851
2024-01-04,16445.0,16587.25,16435.75,16543.25,966889
2024-01-05,16460.25,16577.0,16334.25,16454.0,1098485
2024-01-08,16803.75,16811.5,16378.25,16472.25,880010
2024-01-09,16830.25,16868.5,16658.5,16790.0,1023133
2024-01-10,16945.25,16983.25,16801.75,16829.5,986991
2024-01-11,16966.25,17056.0,16753.0,16955.5,1370416
2024-01-12,16969.25,17042.5,16866.25,16958.0,1136604
2024-01-16,16966.5,17034.0,16812.0,16962.0,1590564
2024-01-17,16869.75,16981.25,16689.0,16979.5,1232753
2024-01-18,17110.0,17126.0,16833.75,16859.5,1383841
2024-01-19,17438.5,17472.0,17107.25,17117.75,1279429
2024-01-22,17458.5,17584.75,17434.25,17465.75,1164374
2024-01-23,17531.25,17558.25,17409.25,17457.0,964525
2024-01-24,17621.0,17794.0,17551.5,17551.5,1276789
2024-01-25,17634.5,17752.0,17541.75,17618.75,1302123
2024-01-26,17527.0,17631.25,17465.75,17574.25,1185606
2024-01-29,17706.0,17716.25,17456.25,17502.5,1000807
2024-01-30,17588.5,17735.75,17466.5,17708.0,997556
2024-01-31,17242.25,17483.75,17221.75,17427.5,1392644
2024-02-01,17436.75,17645.5,17262.75,17275.0,1254476
2024-02-02,17732.75,17775.5,17465.75,17592.0,1343148
2024-02-05,17700.0,17745.0,17553.75,17695.25,1057797
2024-02-06,17660.0,17768.25,17560.75,17702.0,1223843
2024-02-07,17841.75,17876.0,17629.5,17648.0,1140713
2024-02-08,17868.25,17896.5,17791.5,17851.0,894327
2024-02-09,18039.25,18071.0,17851.75,17857.25,887504
2024-02-12,17965.0,18121.5,17911.0,18039.25,958530
2024-02-13,17676.75,17963.5,17546.25,17929.75,1479457
2024-02-14,17881.0,17887.0,17669.25,17703.0,1285619
2024-02-15,17912.75,17968.5,17780.25,17873.25,1221673
2024-02-16,17744.0,18026.25,17713.75,17949.25,1370208
2024-02-20,17607.25,17807.25,17452.5,17728.5,1726529
2024-02-21,17536.75,17715.5,17373.0,17574.75,1384949
2024-02-22,18047.5,18087.0,17675.5,17704.0,1315842
2024-02-23,17991.0,18145.0,17946.0,18025.25,1273874
2024-02-26,17977.0,18059.75,17922.0,17962.75,1070895
2024-02-27,18021.0,18040.5,17908.5,17953.75,1112234
2024-02-28,17915.25,18019.75,17846.25,18014.0,1150849
2024-02-29,18082.75,18109.0,17826.25,17868.25,1268633
2024-03-01,18338.25,18372.5,18030.25,18071.5,1249451
2024-03-04,18262.0,18378.25,18233.5,18335.0,911020
2024-03-05,17930.25,18254.0,17832.5,18248.5,1401867
2024-03-06,18044.25,18174.25,17942.5,17982.0,1550397
2024-03-07,18316.25,18360.0,17915.5,18040.0,1385293
2024-03-08,18046.75,18436.25,18012.25,18275.0,1807424
2024-03-11,17971.0,18060.25,17890.0,18058.0,722540
2024-03-12,18227.75,18242.0,17929.75,18008.0,498573
2024-03-13,18078.5,18257.0,18033.75,18227.5,282337
2024-03-14,18024.5,18178.25,17915.25,18093.0,204315
2024-03-15,17854.75,18075.0,17854.75,18012.75,1440856
2024-03-18,18231.5,18380.75,18062.25,18072.75,1439715
2024-03-19,18270.0,18289.5,18053.25,18224.0,1407309
2024-03-20,18479.75,18545.5,18227.5,18275.0,1326200
2024-03-21,18561.75,18708.5,18526.5,18537.0,1423417
2024-03-22,18574.75,18626.0,18492.75,18579.5,1204558
2024-03-25,18513.5,18601.25,18415.0,18566.75,1074800
2024-03-26,18449.0,18618.75,18439.25,18534.0,1073280
2024-03-27,18503.75,18572.25,18378.5,18478.0,1227152
2024-03-28,18475.0,18539.25,18447.25,18506.0,1032864
2024-04-01,18497.25,18611.75,18414.5,18500.0,1215598
2024-04-02,18330.0,18514.0,18201.0,18497.75,1194869
2024-04-03,18373.25,18452.0,18232.75,18347.75,1273758
2024-04-04,18076.75,18568.25,18055.0,18389.0,1460444
2024-04-05,18300.75,18407.75,18043.5,18088.0,1769145
2024-04-08,18295.0,18377.5,18237.75,18346.5,1336228
2024-04-09,18359.75,18407.5,18160.25,18317.0,1614368
2024-04-10,18196.75,18470.0,18054.0,18384.0,1719178
2024-04-11,18485.0,18519.25,18085.0,18190.75,1558409
2024-04-12,18179.25,18507.75,18120.0,18485.5,1598155
2024-04-15,17876.25,18351.0,17841.5,18151.75,1655049
2024-04-16,17881.25,17988.0,17791.25,17882.0,1702156
2024-04-17,17658.5,17968.25,17616.0,17897.75,1769687
2024-04-18,17547.25,17771.0,17505.0,17674.0,1605478
2024-04-19,17180.75,17552.5,17113.75,17530.0,2074312
2024-04-22,17350.0,17448.0,17148.75,17228.25,1433387
2024-04-23,17606.75,17666.75,17285.5,17350.0,1281339
2024-04-24,17664.5,17795.75,17480.0,17680.25,1572984
2024-04-25,17567.5,17827.75,17308.0,17451.5,1736783
2024-04-26,17845.75,17901.25,17668.25,17811.0,1388411
2024-04-29,17904.25,17949.0,17791.25,17864.5,1142207
2024-04-30,17571.25,17921.0,17473.25,17912.75,1410128
2024-05-01,17438.25,17791.75,17399.0,17471.5,1617842
2024-05-02,17649.75,17755.25,17386.0,17484.0,1470541
2024-05-03,18000.75,18050.0,17719.0,17745.0,1166459
2024-05-06,18195.5,18201.75,17983.75,18046.75,883244
2024-05-07,18199.5,18267.75,18150.75,18184.75,962783
2024-05-08,18186.5,18242.25,18072.5,18195.0,972666
2024-05-09,18214.5,18240.0,18104.25,18164.0,985807
2024-05-10,18255.0,18348.0,18188.25,18222.0,1020500
2024-05-13,18295.5,18336.75,18229.0,18237.5,834195
2024-05-14,18415.0,18433.75,18167.5,18284.75,1093349
2024-05-15,18691.75,18706.75,18392.75,18411.0,1139472
2024-05-16,18650.0,18760.75,18633.0,18694.5,1032088
2024-05-17,18635.25,18686.5,18545.0,18640.0,915114
2024-05-20,18763.0,18794.5,18631.5,18633.75,814867
2024-05-21,18799.25,18808.75,18678.0,18747.75,795662
2024-05-22,18786.75,18892.0,18684.0,18799.0,1000945
2024-05-23,18696.25,19022.5,18621.5,18854.0,1550885
2024-05-24,18876.0,18926.0,18678.0,18685.75,999287
2024-05-28,18940.5,18980.5,18819.5,18875.0,1241481
2024-05-29,18802.75,18951.0,18739.75,18950.0,1106627
2024-05-30,18606.5,18787.0,18548.0,18754.0,1242244
2024-05-31,18591.0,18668.0,18241.25,18591.0,1619606
2024-06-03,18646.25,18755.5,18436.0,18589.25,1426877
2024-06-04,18701.0,18753.25,18511.25,18663.0,1358531
2024-06-05,19074.25,19091.0,18695.5,18713.75,1127549
2024-06-06,19060.25,19124.25,19017.75,19088.0,1108835
2024-06-07,19037.75,19155.25,18940.0,19068.0,1244009
2024-06-10,19109.75,19129.75,18973.25,19026.25,1089354
2024-06-11,19242.25,19257.75,18994.75,19106.0,1053942
2024-06-12,19496.5,19612.0,19232.0,19250.0,1243606
2024-06-13,19602.5,19690.0,19500.0,19603.5,1258933
2024-06-14,19685.5,19700.0,19501.5,19602.5,1266176
2024-06-17,19921.25,20001.0,19640.25,19696.0,498540
2024-06-18,19919.25,19995.0,19851.75,19917.0,257983
2024-06-20,19763.25,20095.25,19693.75,19935.5,216984
2024-06-21,19747.2890625,19821.25,19685.75,19778.0,1207547
2024-06-24,19750.75,20030.0,19728.0,20014.25,1437347
2024-06-25,19972.25,19981.0,19725.25,19758.5,1215064
2024-06-26,20012.5,20070.5,19901.0,19972.0,1291240
2024-06-27,20039.5,20116.5,19873.5,19951.0,1312669
2024-06-28,19927.25,20273.25,19906.0,20066.75,1548389
2024-07-01,20052.0,20074.0,19811.5,19971.25,1497353
2024-07-02,20255.25,20259.5,19909.75,20048.0,1387325
2024-07-03,20411.5,20435.5,20205.0,20243.5,863708
2024-07-05,20620.75,20639.75,20361.0,20420.0,1248370
2024-07-08,20659.75,20688.25,20579.25,20591.0,1064217
2024-07-09,20678.5,20771.75,20616.0,20680.5,1231829
2024-07-10,20899.75,20917.5,20682.0,20687.75,1064186
2024-07-11,20441.75,20983.5,20376.25,20894.75,1797722
2024-07-12,20524.0,20741.0,20332.25,20430.75,1408802
2024-07-15,20583.75,20796.5,20506.25,20578.75,1471491
2024-07-16,20598.0,20684.0,20464.0,20625.0,1426846
2024-07-17,19997.5,20597.75,19965.75,20592.0,1779691
2024-07-18,19899.25,20162.75,19758.75,20024.25,1993373
2024-07-19,19713.0,19979.5,19654.0,19950.0,1803492
2024-07-22,20001.0,20044.25,19718.75,19747.75,1695864
2024-07-23,19925.0,20085.0,19868.25,19982.0,1557671
2024-07-24,19203.25,19886.75,19166.5,19886.75,1807926
2024-07-25,18992.25,19390.5,18883.5,19258.0,2467489
2024-07-26,19174.5,19299.0,18994.75,19000.25,1820569
2024-07-29,19209.25,19377.25,19113.0,19172.75,1726952
2024-07-30,18936.25,19319.25,18726.75,19220.0,1991370
2024-07-31,19505.25,19645.25,18862.0,18870.0,1853094
2024-08-01,19023.25,19716.75,18852.25,19588.0,2274486
2024-08-02,18556.25,18981.5,18385.75,18961.0,2403466
2024-08-05,18013.25,18394.0,17346.0,18391.75,3412620
2024-08-06,18179.0,18483.0,17961.25,18164.5,2073838
2024-08-07,17966.5,18558.5,17834.25,18040.25,2136701
2024-08-08,18525.25,18594.5,17745.0,17881.25,1842706
2024-08-09,18616.0,18674.75,18383.0,18551.75,1607665
2024-08-12,18639.5,18765.5,18514.5,18591.75,1477087
2024-08-13,19104.25,19121.75,18628.75,18644.0,1202244
2024-08-14,19115.0,19203.75,18925.5,19100.0,1405052
2024-08-15,19581.25,19603.5,19100.25,19148.25,1185059
2024-08-16,19605.75,19683.0,19445.25,19569.0,1139475
2024-08-19,19857.75,19872.75,19525.0,19628.25,1104455
2024-08-20,19809.5,19930.75,19743.0,19854.0,1139350
2024-08-21,19909.5,19982.0,19771.25,19805.0,1256540
2024-08-22,19578.25,20025.75,19542.0,19917.75,1526350
2024-08-23,19790.75,19903.25,19592.0,19621.25,1389224
2024-08-26,19591.25,19846.25,19506.5,19788.0,1256338
2024-08-27,19653.75,19694.5,19441.75,19555.25,1156765
2024-08-28,19415.75,19690.0,19227.0,19638.0,1399017
2024-08-29,19393.25,19692.0,19139.0,19240.75,1695851
2024-08-30,19623.0,19633.0,19370.0,19449.0,1324898
2024-09-03,19006.5,19683.0,18911.0,19600.0,1784918
2024-09-04,18962.5,19115.0,18824.25,18991.0,1497422
2024-09-05,18963.5,19150.25,18828.0,18968.5,1484912
2024-09-06,18458.25,18972.5,18337.25,18920.0,1794051
2024-09-09,18692.25,18735.0,18386.75,18399.5,1794051
2024-09-10,18864.0,18876.75,18582.5,18723.75,1453633
2024-09-11,19271.0,19293.5,18547.75,18841.75,1798075
2024-09-12,19447.25,19483.25,19185.25,19246.0,1498854
2024-09-13,19530.25,19577.0,19396.0,19410.0,1050142
2024-09-16,19433.0,19546.75,19299.0,19498.25,626875
2024-09-17,19439.25,19615.5,19341.25,19427.25,360355
2024-09-18,19349.25,19663.75,19330.25,19440.0,262691
2024-09-19,19850.25,19967.0,19399.75,19404.75,170987
2024-09-20,19808.009765625,19839.75,19746.75,19815.0,1234853
2024-09-23,20080.0,20164.0,19955.0,20039.0,1097095
2024-09-24,20167.75,20214.75,19952.0,20065.25,1146619
2024-09-25,20192.0,20272.75,20063.75,20184.25,1036524
2024-09-26,20346.25,20537.75,20188.0,20241.75,1305049
2024-09-27,20221.5,20396.0,20173.0,20344.5,1224998
2024-09-30,20261.25,20286.75,20057.5,20198.25,1312804
2024-10-01,19975.0,20331.5,19818.0,20232.0,1618835
2024-10-02,20009.75,20089.5,19833.5,19972.0,1366434
2024-10-03,19990.25,20115.0,19851.0,20056.5,1414771
2024-10-04,20227.25,20263.0,19941.25,19971.75,1462166
2024-10-07,19992.75,20268.0,19948.0,20219.0,1243605
2024-10-08,20298.5,20329.5,19902.5,20032.0,1162724
2024-10-09,20463.5,20482.25,20195.5,20298.0,1074631
2024-10-10,20429.75,20508.0,20301.25,20447.75,1110733
2024-10-11,20450.0,20494.5,20313.25,20441.5,989984
2024-10-14,20619.25,20680.0,20382.5,20433.75,872065
2024-10-15,20342.0,20659.25,20254.0,20637.5,1223692
2024-10-16,20349.5,20397.5,20205.25,20340.0,1075278
2024-10-17,20368.0,20594.5,20276.75,20332.0,1332449
2024-10-18,20483.5,20532.0,20321.0,20385.5,993223
2024-10-21,20519.5,20554.25,20342.5,20495.75,1106488
2024-10-22,20542.0,20602.0,20360.25,20518.25,1159474
2024-10-23,20220.5,20542.5,20079.0,20522.75,1387682
2024-10-24,20380.25,20428.0,20260.5,20299.5,1160911
2024-10-25,20498.75,20707.5,20363.25,20385.0,1306774
2024-10-28,20497.0,20676.75,20486.0,20524.0,1109789
2024-10-29,20696.5,20760.25,20432.0,20508.0,1185222
2024-10-30,20534.75,20789.75,20471.0,20725.0,1245410
2024-10-31,20021.75,20496.5,20007.75,20486.0,1526915
2024-11-01,20153.25,20287.25,20017.75,20065.25,1360922
2024-11-04,20086.0,20249.0,20013.25,20141.75,1167242
2024-11-05,20341.75,20386.0,20041.75,20128.0,1075354
2024-11-06,20894.0,20935.75,20323.5,20365.0,1535645
2024-11-07,21224.75,21253.5,20860.75,20924.25,1039992
2024-11-08,21231.25,21266.5,21121.5,21225.0,968725
2024-11-11,21217.75,21340.5,21098.25,21242.0,1057796
2024-11-12,21189.5,21252.25,21054.75,21218.0,1185300
2024-11-13,21159.5,21268.75,21057.5,21180.5,1297749
2024-11-14,21011.75,21191.25,20950.5,21166.0,1324325
2024-11-15,20493.75,20981.0,20405.25,20980.0,1502693
2024-11-18,20633.5,20724.5,20476.25,20504.75,1242409
2024-11-19,20767.75,20792.5,20382.0,20634.25,1269635
2024-11-20,20749.0,20843.5,20477.25,20766.0,1456356
2024-11-21,20829.5,20907.0,20514.0,20739.25,1736337
2024-11-22,20849.75,20880.5,20693.0,20804.0,1453970
2024-11-25,20880.25,21081.25,20780.25,20909.0,1309260
2024-11-26,20993.5,21025.0,20755.25,20910.0,1285541
2024-11-27,20813.0,21019.25,20675.0,20998.25,1225084
2024-11-29,20993.5,21018.0,20805.75,20814.75,867549
2024-12-02,21218.0,21259.5,20939.75,20994.5,1109619
2024-12-03,21281.5,21328.75,21134.75,21215.0,1011669
2024-12-04,21536.5,21550.0,21305.5,21321.25,974144
2024-12-05,21473.25,21567.75,21437.25,21511.0,933007
2024-12-06,21656.75,21669.5,21424.0,21449.25,1012713
2024-12-09,21483.75,21706.5,21437.0,21648.75,1113455
2024-12-10,21405.25,21606.75,21352.75,21480.0,1207546
2024-12-11,21793.5,21819.75,21405.75,21438.25,1089929
2024-12-12,21651.25,21772.75,21602.25,21756.75,1144968
2024-12-13,21795.75,21908.0,21666.75,21700.5,1308826
2024-12-16,22110.25,22152.5,21762.25,21785.25,595879
2024-12-17,22014.75,22125.0,21942.75,22113.0,444153
2024-12-18,21218.75,22083.5,21032.25,22018.25,342825
2024-12-19,21112.75,21424.0,21077.5,21197.0,214524
2024-12-20,20947.98046875,21165.0,20745.75,21155.0,2091012
2024-12-23,21753.25,21777.0,21476.0,21566.5,1465658
2024-12-24,22028.5,22050.0,21708.5,21738.75,649417
2024-12-26,22008.0,22111.0,21870.5,22050.0,1055075
2024-12-27,21698.5,22008.75,21498.25,21984.0,1422687
2024-12-30,21416.25,21742.5,21252.75,21710.75,1395670
2024-12-31,21226.5,21524.75,21181.75,21391.25,1365775
2025-01-02,21167.5,21490.75,20983.25,21273.25,1983720
2025-01-03,21516.5,21559.25,21144.25,21191.5,1344599
2025-01-06,21744.5,21897.0,21478.75,21532.0,1503351
2025-01-07,21359.75,21806.25,21279.5,21781.0,1825034
2025-01-08,21360.75,21448.25,21166.0,21386.25,1849544
2025-01-09,21301.75,21348.75,21217.5,21348.75,271335
2025-01-10,21016.0,21372.5,20874.75,21302.0,2151541
2025-01-13,20947.25,21037.0,20693.5,21027.5,1909993
2025-01-14,20919.5,21143.75,20773.25,21020.0,1860331
2025-01-15,21400.25,21452.75,20908.75,20975.75,1498701
2025-01-16,21249.75,21566.75,21171.75,21386.25,1644378
2025-01-17,21594.75,21680.0,21208.75,21225.0,1502244
2025-01-21,21709.5,21785.0,21370.25,21601.0,2098591
2025-01-22,22000.5,22094.0,21769.0,21800.0,1191350
2025-01-23,22038.25,22051.25,21855.5,21982.5,1175719
2025-01-24,21911.25,22078.0,21843.25,22018.0,1276646
2025-01-27,21258.5,21774.0,20763.75,21773.75,2615280
2025-01-28,21581.75,21626.0,21160.75,21340.0,1826787
2025-01-29,21523.25,21697.25,21368.0,21558.0,1814342
2025-01-30,21624.75,21748.75,21419.0,21555.75,1810537
2025-01-31,21589.25,21965.75,21531.5,21684.0,1801814
2025-02-03,21405.0,21577.75,20940.25,21280.25,2309233
2025-02-04,21670.25,21694.75,21240.75,21592.25,1416308
2025-02-05,21763.0,21795.5,21429.0,21566.0,1329849
2025-02-06,21871.75,21882.0,21706.0,21768.0,1248013
2025-02-07,21590.75,21967.75,21553.0,21819.75,1574065
2025-02-10,21846.5,21893.75,21415.0,21464.75,1010477
2025-02-11,21786.75,21871.25,21669.5,21832.0,1130598
2025-02-12,21804.75,21862.75,21510.0,21802.0,1420479
2025-02-13,22113.25,22123.75,21752.75,21865.0,1453821
2025-02-14,22196.25,22224.0,22042.5,22072.5,1136303
2025-02-18,22232.25,22320.0,22103.0,22238.0,1457366
2025-02-19,22250.5,22299.75,22118.0,22227.0,1142227
2025-02-20,22141.75,22235.0,21950.75,22215.0,1322069
2025-02-21,21679.25,22245.75,21652.25,22134.75,1642695
2025-02-24,21420.25,21813.0,21407.25,21700.75,1742302
2025-02-25,21149.0,21453.25,20990.5,21440.25,2173177
2025-02-26,21187.0,21409.75,21064.75,21225.0,1776584
2025-02-27,20605.75,21386.5,20582.5,21250.75,2523525
2025-02-28,20919.5,20944.25,20460.25,20649.5,2443321
2025-03-03,20468.25,21120.75,20317.5,21000.0,2466816
2025-03-04,20399.0,20733.0,20075.75,20525.0,2654095
2025-03-05,20665.0,20725.5,20215.0,20553.25,2428217
2025-03-06,20089.25,20648.5,20002.75,20608.0,2419630
2025-03-07,20229.75,20286.75,19766.0,20212.0,2680823
2025-03-10,19452.75,20156.0,19271.75,20149.5,2620267
2025-03-11,19399.0,19687.5,19140.0,19439.0,3013257
2025-03-12,19618.5,19788.75,19387.0,19412.0,2397309
2025-03-13,19249.0,19693.75,19165.5,19575.0,2634742
2025-03-14,19712.0,19742.75,19298.25,19310.0,2064283
2025-03-17,19831.75,19959.25,19551.0,19669.5,1048466
2025-03-18,19496.75,19858.0,19401.0,19830.5,667056
2025-03-19,19746.75,19935.75,19455.5,19491.5,403063
2025-03-20,19678.5,19898.5,19530.5,19755.0,265850
2025-03-21,19450.810546875,19728.75,19380.0,19691.0,1794449
2025-03-24,20374.25,20409.25,20048.0,20052.25,1318093
2025-03-25,20488.5,20524.75,20292.0,20358.25,1259017
2025-03-26,20116.5,20536.75,20041.25,20513.0,1605577
2025-03-27,19990.25,20199.0,19937.75,20057.5,1896875
2025-03-28,19457.0,20011.25,19360.75,19998.25,1935739
2025-03-31,19439.5,19489.5,18976.75,19317.75,2168015
2025-04-01,19604.5,19643.25,19261.25,19413.0,2252612
2025-04-02,19758.0,20045.25,19076.25,19597.75,2400894
2025-04-03,18675.5,19176.75,18614.0,19023.5,2510236
2025-04-04,17539.0,18713.25,17387.0,18656.5,3311896
2025-04-07,17563.25,18360.25,16452.5,17126.25,3528973
2025-04-08,17243.75,18357.25,16972.0,17650.25,2881700
2025-04-09,19288.75,19388.0,16735.0,17226.0,3070062
2025-04-10,18484.5,19384.5,17918.25,19266.0,2853022
2025-04-11,18807.5,18873.25,18071.75,18470.0,2490481
2025-04-14,18934.75,19255.75,18738.5,19163.75,2188676
2025-04-15,18960.25,19144.75,18809.75,18903.75,1816443
2025-04-16,18385.25,18861.0,18116.25,18810.0,2181766
2025-04-17,18380.75,18652.0,18261.25,18381.0,2036870
2025-04-21,17922.25,18384.75,17700.0,18307.5,1615106
2025-04-22,18385.0,18513.5,17863.75,17912.0,1878329
2025-04-23,18804.0,19165.75,18618.25,18618.25,2128078
2025-04-24,19322.0,19417.0,18595.0,18832.0,1892458
2025-04-25,19535.25,19590.0,19215.25,19396.75,1981276
2025-04-28,19528.0,19622.75,19257.75,19524.5,1697957
2025-04-29,19642.0,19692.5,19379.25,19479.75,1627189
2025-04-30,19658.5,19878.5,19102.25,19595.0,2018014
2025-05-01,19870.75,20125.25,19756.0,19835.0,1760765
2025-05-02,20195.25,20277.0,19748.25,19781.75,1643772
2025-05-05,20055.5,20200.0,19966.25,20182.0,1338258
2025-05-06,19876.5,20037.5,19738.25,20009.75,1641414
2025-05-07,19961.0,20136.25,19678.5,19812.5,1837733
2025-05-08,20148.0,20337.5,19910.25,19935.5,1776195
2025-05-09,20136.75,20290.0,20057.5,20164.0,1441680
2025-05-12,20948.75,20996.0,20373.75,20373.75,1767474
2025-05-13,21278.0,21347.0,20818.25,20957.5,1400696
2025-05-14,21392.5,21419.75,21237.0,21248.25,1427105
2025-05-15,21400.25,21529.75,21192.25,21382.0,1374211
2025-05-16,21506.0,21513.0,21320.0,21397.25,1131487
2025-05-19,21527.0,21545.5,21112.25,21313.5,1388899
2025-05-20,21447.25,21562.25,21298.0,21516.75,1222260
2025-05-21,21156.75,21558.5,21071.75,21413.75,1693851
2025-05-22,21178.25,21337.75,21039.25,21147.5,1447697
2025-05-23,20975.0,21236.25,20727.5,21222.0,1615131
2025-05-27,21460.5,21488.25,20955.25,20978.75,1550917
2025-05-28,21379.75,21564.75,21320.0,21478.5,1167446
2025-05-29,21408.5,21858.75,21301.0,21518.0,1695568
2025-05-30,21376.75,21433.25,21071.5,21370.75,1602046
2025-06-02,21534.5,21576.75,21163.0,21304.5,1185131
2025-06-03,21706.0,21759.75,21398.25,21551.75,1139570
2025-06-04,21766.5,21802.75,21641.0,21685.75,1122220
2025-06-05,21582.25,21936.25,21503.5,21745.25,0
2025-06-06,21789.5,21880.0,21471.0,21487.5,1218834
2025-06-09,21821.5,21892.5,21716.5,21799.25,989760
2025-06-10,21962.5,21992.25,21732.0,21822.0,1237939
2025-06-11,21887.5,22094.0,21790.25,21950.75,1525033
2025-06-12,21932.5,21977.5,21716.5,21871.0,1242122
2025-06-13,21644.25,21920.0,21470.5,21911.0,1677396
2025-06-16,21941.5,21996.5,21505.0,21566.5,420924
2025-06-17,21730.5,21950.0,21683.75,21934.5,330355
2025-06-18,21720.25,21872.75,21639.5,21718.75,0
2025-06-20,21889.890625,21899.0,21433.5,21717.0,2056763
2025-06-23,22073.5,22093.0,21562.0,21648.25,1569238
2025-06-24,22412.75,22447.75,22064.5,22077.25,1143081
2025-06-25,22461.0,22548.25,22385.0,22410.75,1038793
2025-06-26,22461.0,22692.75,22438.0,22466.0,1013239
2025-06-27,22751.5,22823.75,22600.0,22676.5,1223538
2025-06-30,22893.25,22934.0,22750.0,22751.25,1136495
2025-07-01,22692.75,22915.0,22593.75,22866.75,1297870
2025-07-02,22843.0,22858.75,22584.75,22696.5,1006562
2025-07-03,23062.5,23101.25,22827.0,22846.75,0
2025-07-04,22904.5,23062.25,22881.25,23059.0,0
2025-07-07,22884.75,23027.25,22780.25,22968.5,1538854
2025-07-08,22896.75,22972.0,22809.5,22840.25,1091436
2025-07-09,23052.75,23111.25,22843.25,22909.0,1124401
2025-07-10,23013.25,23089.75,22901.0,23043.25,1043294
2025-07-11,22959.0,23048.75,22830.75,23010.75,1201512
2025-07-14,23035.5,23067.75,22802.25,22864.5,1016215
2025-07-15,23056.75,23222.75,22996.25,23036.5,1359771
2025-07-16,23076.5,23100.0,22835.75,23018.75,1385121
2025-07-17,23251.0,23281.0,23017.0,23069.25,1034301
2025-07-18,23224.25,23320.5,23170.0,23260.0,1037669
2025-07-21,23342.0,23425.0,23204.5,23240.0,950184
2025-07-22,23226.25,23367.75,23105.0,23338.0,1222714
2025-07-23,23310.75,23416.5,23142.5,23190.0,1246579
2025-07-24,23377.5,23425.0,23298.5,23401.0,1032714
2025-07-25,23421.25,23477.0,23330.25,23391.25,901587
2025-07-28,23491.25,23585.0,23437.0,23516.0,947135
2025-07-29,23452.0,23652.25,23422.0,23505.25,1132932
2025-07-30,23480.5,23688.0,23355.0,23451.5,1213505
2025-07-31,23365.0,23848.0,23286.5,23698.0,1745547
2025-08-01,22883.75,23347.5,22788.25,23323.5,1915717
2025-08-04,23296.5,23353.75,22822.0,22850.5,1216468
2025-08-05,23132.0,23404.25,23082.0,23352.5,1524897
2025-08-06,23422.75,23444.75,23045.25,23092.0,1355010
2025-08-07,23496.25,23671.25,23330.0,23416.75,1629043
2025-08-08,23713.75,23768.5,23503.25,23519.5,1107057
2025-08-11,23637.5,23804.5,23587.0,23767.25,1087690
2025-08-12,23938.0,23952.5,23596.0,23632.0,1181459
2025-08-13,23946.5,24069.0,23886.0,23947.25,1110148
2025-08-14,23930.5,24005.5,23793.25,23930.0,1186696
2025-08-15,23804.0,23962.75,23734.75,23891.25,1142014
2025-08-18,23797.75,23882.0,23718.75,23795.0,1008220
2025-08-19,23469.5,23839.75,23425.25,23799.0,1395287
2025-08-20,23324.0,23489.0,23035.25,23456.0,1754326
2025-08-21,23219.75,23369.5,23119.5,23322.0,1591730
2025-08-22,23569.75,23650.0,23074.25,23228.0,1526213
2025-08-25,23498.25,23616.75,23445.0,23600.0,1137735
2025-08-26,23591.5,23611.0,23371.25,23510.25,1261635
2025-08-27,23628.75,23685.0,23429.0,23607.25,1159053
2025-08-28,23769.0,23803.75,23486.75,23543.0,1362059
2025-08-29,23461.75,23762.75,23401.5,23761.0,0
2025-09-02,23275.0,23555.25,23025.0,23478.5,2078811
2025-09-03,23448.75,23526.0,23299.75,23381.5,1521114
2025-09-04,23668.0,23709.0,23410.0,23456.0,1290556
2025-09-05,23684.0,23902.5,23505.0,23694.0,1822583
2025-09-08,23799.75,23888.0,23650.5,23676.5,1252781
2025-09-09,23874.0,23918.0,23726.5,23799.75,1178914
2025-09-10,23877.75,24041.0,23785.0,23900.25,1327641
2025-09-11,24017.75,24048.75,23845.0,23856.75,1159813
2025-09-12,24113.25,24159.0,23968.75,24028.0,1030823
2025-09-15,24309.25,24315.75,24075.5,24112.25,513118
2025-09-16,24284.0,24403.75,24257.5,24294.5,231342
2025-09-17,24222.5,24313.0,24003.5,24294.0,256087
2025-09-18,24460.25,24569.25,24248.75,24260.0,160041
2025-09-19,24568.0703125,24625.5,24411.0,24470.5,1121790
2025-09-22,25003.0,25027.25,24748.5,24851.5,1050833
2025-09-23,24827.25,25026.25,24779.25,24999.75,1258663
2025-09-24,24739.25,24913.25,24628.0,24839.75,1262698
2025-09-25,24629.25,24792.5,24422.0,24747.0,1797039
2025-09-26,24726.75,24747.25,24520.0,24640.0,1562392
2025-09-29,24837.75,24975.0,24723.75,24727.25,1275661
2025-09-30,24901.75,24913.75,24722.5,24812.0,1464289
2025-10-01,25017.5,25037.0,24633.75,24844.5,1343193
2025-10-02,25110.0,25180.0,24993.75,25009.5,1279352
2025-10-03,24992.0,25197.0,24923.0,25105.0,1388150
2025-10-06,25184.75,25253.0,24994.0,24994.0,1125795
2025-10-07,25039.25,25274.75,24985.25,25184.0,1492282
2025-10-08,25331.0,25364.75,25026.25,25055.0,1147206
2025-10-09,25289.25,25393.0,25160.75,25354.5,1399246
2025-10-10,24397.0,25388.0,24157.75,25284.75,2417422
2025-10-13,24922.25,24965.0,24482.0,24482.0,2417422
2025-10-14,24762.5,25044.5,24423.25,24905.0,2344010
2025-10-15,24924.5,25117.75,24663.5,24752.5,2123740
2025-10-16,24831.25,25179.75,24643.25,24939.0,2575757
2025-10-17,24986.5,25054.25,24410.25,24793.75,2575701
2025-10-20,25305.25,25355.0,24956.0,25067.0,1327737
2025-10-21,25294.75,25368.0,25203.0,25326.25,1379441
2025-10-22,25039.25,25338.5,24805.25,25277.0,2087106
2025-10-23,25254.0,25295.0,24933.25,25014.75,1546949
2025-10-24,25509.25,25569.0,25275.5,25285.0,1227416
2025-10-27,25963.75,26026.0,25698.5,25698.5,980676
2025-10-28,26163.5,26232.0,25942.25,26002.5,1147214
2025-10-29,26262.5,26378.5,26047.5,26180.25,1667881
2025-10-30,25882.75,26399.5,25853.0,26160.5,2111173
2025-10-31,26004.0,26273.0,25887.75,26156.0,1778075
2025-11-03,26103.25,26265.75,26012.5,26026.0,0
2025-11-04,25575.25,26105.5,25517.0,26105.5,2019607
2025-11-05,25746.25,25878.5,25282.75,25545.0,1765749
2025-11-06,25244.25,25823.75,25197.25,25732.0,2273397
2025-11-07,25166.25,25354.75,24709.0,25311.0,2570614
2025-11-10,25714.5,25760.0,25268.75,25319.75,1760959
2025-11-11,25640.75,25768.75,25478.5,25721.0,1584949
2025-11-12,25623.75,25830.5,25488.75,25676.5,1747671
2025-11-13,25094.75,25721.75,25002.0,25626.25,2598189
2025-11-14,25094.0,25293.5,24626.0,25100.0,2708210
2025-11-17,24879.0,25362.0,24732.0,25144.0,2602375
2025-11-18,24595.75,24959.75,24380.0,24904.75,3083683
2025-11-19,24721.75,24988.0,24446.5,24547.0,2874160
2025-11-20,24131.5,25310.0,24069.75,24968.75,3232477
2025-11-21,24305.5,24596.5,23904.0,24096.75,2949003
2025-11-24,24948.25,24993.25,24361.25,24449.75,1913851
2025-11-25,25085.5,25135.75,24602.0,24973.25,2107568
2025-11-26,25302.25,25375.5,25061.75,25070.0,1666472
2025-11-28,25482.0,25500.25,25285.75,25316.75,578323
2025-12-01,25391.25,25542.25,25193.5,25484.0,1823784
2025-12-02,25606.0,25670.0,25324.0,25422.75,1829989
2025-12-03,25657.5,25685.75,25420.75,25613.5,1571511
2025-12-04,25622.75,25732.5,25487.0,25649.75,1614386
2025-12-05,25732.0,25867.75,25579.0,25631.0,1534182
2025-12-08,25664.0,25860.75,25563.75,25748.5,1391778
2025-12-09,25699.75,25738.5,25560.0,25713.0,1201427
2025-12-10,25798.0,25869.75,25528.25,25681.0,1702452
2025-12-11,25713.5,25862.5,25382.0,25777.75,1951454
2025-12-12,25213.5,25733.75,25117.75,25719.5,2196739
2025-12-15,25093.25,25410.0,25034.5,25214.5,916589
2025-12-16,25139.0,25202.25,24826.0,25100.0,541410
2025-12-17,24668.75,25266.0,24658.75,25100.0,302043
2025-12-18,25028.25,25178.25,24674.5,24740.0,258542
2025-12-19,25132.7890625,25161.75,24976.5,24987.5,1365859
2025-12-22,25692.25,25795.0,25629.5,25635.0,1049079
2025-12-23,25812.25,25822.25,25608.5,25701.25,901913
2025-12-24,25880.5,25892.25,25777.5,25812.0,425607
2025-12-26,25863.25,25935.0,25834.25,25870.0,656010
2025-12-29,25739.75,25893.5,25647.75,25869.0,1110632
2025-12-30,25675.25,25794.0,25668.25,25747.5,899902
